"Metrics/step_episode","cpo_filter_2025-11-19_21-13-35 - Metrics/EpEnvLen","cpo_filter_2025-11-19_21-13-35 - Metrics/EpEnvLen__MIN","cpo_filter_2025-11-19_21-13-35 - Metrics/EpEnvLen__MAX","cpo_filter_2025-11-19_21-13-35 - _step","cpo_filter_2025-11-19_21-13-35 - _step__MIN","cpo_filter_2025-11-19_21-13-35 - _step__MAX"
"1","1491","1491","1491","4","4","4"
"2","1929","1929","1929","11","11","11"
"3","1824","1824","1824","18","18","18"
"4","1824","1824","1824","20","20","20"
"5","1824","1824","1824","23","23","23"
"6","1824","1824","1824","26","26","26"
"7","1824","1824","1824","29","29","29"
"8","1824","1824","1824","32","32","32"
"9","1824","1824","1824","35","35","35"
"10","1824","1824","1824","38","38","38"
"11","1824","1824","1824","40","40","40"
"12","1824","1824","1824","43","43","43"
"13","1999","1999","1999","55","55","55"
"14","1604","1604","1604","62","62","62"
"15","1211","1211","1211","69","69","69"
"16","1213","1213","1213","76","76","76"
"17","1435","1435","1435","83","83","83"
"18","1112","1112","1112","90","90","90"
"19","1162","1162","1162","97","97","97"
"20","1162","1162","1162","99","99","99"
"21","1162","1162","1162","101","101","101"
"22","1162","1162","1162","103","103","103"
"23","1162","1162","1162","105","105","105"
"24","1162","1162","1162","107","107","107"
"25","1162","1162","1162","109","109","109"
"26","1162","1162","1162","112","112","112"
"27","1162","1162","1162","114","114","114"
"28","1162","1162","1162","116","116","116"
"29","1803","1803","1803","123","123","123"
"30","1803","1803","1803","125","125","125"
"31","1803","1803","1803","127","127","127"
"32","1803","1803","1803","129","129","129"
"33","1803","1803","1803","132","132","132"
"34","1803","1803","1803","134","134","134"
"35","1803","1803","1803","136","136","136"
"36","1803","1803","1803","138","138","138"
"37","1803","1803","1803","140","140","140"
"38","1803","1803","1803","143","143","143"
"39","1999","1999","1999","153","153","153"
"40","1999","1999","1999","164","164","164"
"41","1483","1483","1483","171","171","171"
"42","1483","1483","1483","173","173","173"
"43","1483","1483","1483","175","175","175"
"44","1483","1483","1483","177","177","177"
"45","1483","1483","1483","179","179","179"
"46","1483","1483","1483","181","181","181"
"47","1483","1483","1483","183","183","183"
"48","1483","1483","1483","185","185","185"
"49","1483","1483","1483","187","187","187"
"50","1483","1483","1483","190","190","190"
"51","1247","1247","1247","197","197","197"
"52","1247","1247","1247","199","199","199"
"53","1247","1247","1247","201","201","201"
"54","1247","1247","1247","203","203","203"
"55","1247","1247","1247","205","205","205"
"56","1247","1247","1247","207","207","207"
"57","1247","1247","1247","209","209","209"
"58","1247","1247","1247","211","211","211"
"59","1247","1247","1247","213","213","213"
"60","1247","1247","1247","215","215","215"
"61","1237","1237","1237","222","222","222"
"62","1237","1237","1237","225","225","225"
"63","1237","1237","1237","227","227","227"
"64","1237","1237","1237","229","229","229"
"65","1237","1237","1237","231","231","231"
"66","1237","1237","1237","233","233","233"
"67","1237","1237","1237","235","235","235"
"68","1237","1237","1237","237","237","237"
"69","1237","1237","1237","239","239","239"
"70","1237","1237","1237","241","241","241"
"71","1740","1740","1740","249","249","249"
"72","1740","1740","1740","251","251","251"
"73","1740","1740","1740","254","254","254"
"74","1740","1740","1740","256","256","256"
"75","1740","1740","1740","259","259","259"
"76","1740","1740","1740","261","261","261"
"77","1740","1740","1740","264","264","264"
"78","1740","1740","1740","266","266","266"
"79","1740","1740","1740","269","269","269"
"80","1740","1740","1740","272","272","272"
"81","1139","1139","1139","279","279","279"
"82","1139","1139","1139","281","281","281"
"83","1139","1139","1139","283","283","283"
"84","1139","1139","1139","285","285","285"
"85","1139","1139","1139","287","287","287"
"86","1139","1139","1139","289","289","289"
"87","1139","1139","1139","291","291","291"
"88","1139","1139","1139","293","293","293"
"89","1139","1139","1139","295","295","295"
"90","1139","1139","1139","297","297","297"
"91","1112","1112","1112","304","304","304"
"92","1112","1112","1112","306","306","306"
"93","1112","1112","1112","309","309","309"
"94","1112","1112","1112","311","311","311"
"95","1112","1112","1112","313","313","313"
"96","1112","1112","1112","315","315","315"
"97","1112","1112","1112","317","317","317"
"98","1112","1112","1112","319","319","319"
"99","1112","1112","1112","321","321","321"
"100","1112","1112","1112","323","323","323"
"101","1752","1752","1752","330","330","330"
"102","1752","1752","1752","332","332","332"
"103","1752","1752","1752","334","334","334"
"104","1752","1752","1752","336","336","336"
"105","1752","1752","1752","339","339","339"
"106","1752","1752","1752","341","341","341"
"107","1752","1752","1752","343","343","343"
"108","1752","1752","1752","345","345","345"
"109","1752","1752","1752","347","347","347"
"110","1752","1752","1752","349","349","349"
"111","1466","1466","1466","356","356","356"
"112","1466","1466","1466","358","358","358"
"113","1466","1466","1466","360","360","360"
"114","1466","1466","1466","362","362","362"
"115","1466","1466","1466","364","364","364"
"116","1466","1466","1466","366","366","366"
"117","1466","1466","1466","369","369","369"
"118","1466","1466","1466","371","371","371"
"119","1466","1466","1466","373","373","373"
"120","1466","1466","1466","375","375","375"
"121","1533","1533","1533","382","382","382"
"122","1533","1533","1533","384","384","384"
"123","1533","1533","1533","386","386","386"
"124","1533","1533","1533","388","388","388"
"125","1533","1533","1533","391","391","391"
"126","1533","1533","1533","393","393","393"
"127","1533","1533","1533","395","395","395"
"128","1533","1533","1533","397","397","397"
"129","1533","1533","1533","399","399","399"
"130","1533","1533","1533","401","401","401"
"131","1799","1799","1799","411","411","411"
"132","1499","1499","1499","422","422","422"
"133","1219","1219","1219","429","429","429"
"134","1219","1219","1219","431","431","431"
"135","1219","1219","1219","433","433","433"
"136","1219","1219","1219","435","435","435"
"137","1219","1219","1219","437","437","437"
"138","1219","1219","1219","439","439","439"
"139","1219","1219","1219","441","441","441"
"140","1219","1219","1219","443","443","443"
"141","1219","1219","1219","445","445","445"
"142","1219","1219","1219","448","448","448"
"143","1519","1519","1519","455","455","455"
"144","1519","1519","1519","457","457","457"
"145","1519","1519","1519","459","459","459"
"146","1519","1519","1519","461","461","461"
"147","1519","1519","1519","463","463","463"
"148","1519","1519","1519","465","465","465"
"149","1519","1519","1519","467","467","467"
"150","1519","1519","1519","469","469","469"
"151","1519","1519","1519","471","471","471"
"152","1519","1519","1519","473","473","473"
"153","1009","1009","1009","480","480","480"
"154","1009","1009","1009","482","482","482"
"155","1009","1009","1009","485","485","485"
"156","1009","1009","1009","487","487","487"
"157","1009","1009","1009","489","489","489"
"158","1009","1009","1009","491","491","491"
"159","1009","1009","1009","493","493","493"
"160","1009","1009","1009","495","495","495"
"161","1009","1009","1009","497","497","497"
"162","1009","1009","1009","499","499","499"
"163","1142","1142","1142","506","506","506"
"164","1142","1142","1142","508","508","508"
"165","1142","1142","1142","510","510","510"
"166","1142","1142","1142","512","512","512"
"167","1142","1142","1142","515","515","515"
"168","1142","1142","1142","517","517","517"
"169","1142","1142","1142","519","519","519"
"170","1142","1142","1142","521","521","521"
"171","1142","1142","1142","523","523","523"
"172","1142","1142","1142","525","525","525"
"173","3499","3499","3499","540","540","540"
"174","1705","1705","1705","548","548","548"
"175","1705","1705","1705","550","550","550"
"176","1705","1705","1705","553","553","553"
"177","1705","1705","1705","556","556","556"
"178","1705","1705","1705","558","558","558"
"179","1705","1705","1705","561","561","561"
"180","1705","1705","1705","564","564","564"
"181","1705","1705","1705","566","566","566"
"182","1705","1705","1705","569","569","569"
"183","1705","1705","1705","572","572","572"
"184","1491","1491","1491","579","579","579"
"185","1491","1491","1491","581","581","581"
"186","1491","1491","1491","584","584","584"
"187","1491","1491","1491","586","586","586"
"188","1491","1491","1491","588","588","588"
"189","1491","1491","1491","591","591","591"
"190","1491","1491","1491","593","593","593"
"191","1491","1491","1491","595","595","595"
"192","1491","1491","1491","598","598","598"
"193","1491","1491","1491","600","600","600"
"194","1799","1799","1799","611","611","611"
"195","1499","1499","1499","622","622","622"
"196","1499","1499","1499","632","632","632"
"197","1569","1569","1569","639","639","639"
"198","1569","1569","1569","642","642","642"
"199","1569","1569","1569","644","644","644"
"200","1569","1569","1569","646","646","646"
"201","1569","1569","1569","648","648","648"
"202","1569","1569","1569","650","650","650"
"203","1569","1569","1569","652","652","652"
"204","1569","1569","1569","654","654","654"
"205","1569","1569","1569","656","656","656"
"206","1569","1569","1569","658","658","658"
"207","1077","1077","1077","666","666","666"
"208","1077","1077","1077","669","669","669"
"209","1077","1077","1077","672","672","672"
"210","1077","1077","1077","675","675","675"
"211","1077","1077","1077","678","678","678"
"212","1077","1077","1077","681","681","681"
"213","1077","1077","1077","683","683","683"
"214","1077","1077","1077","686","686","686"
"215","1077","1077","1077","689","689","689"
"216","1077","1077","1077","692","692","692"
"217","1121","1121","1121","699","699","699"
"218","1121","1121","1121","701","701","701"
"219","1121","1121","1121","703","703","703"
"220","1121","1121","1121","705","705","705"
"221","1121","1121","1121","707","707","707"
"222","1121","1121","1121","710","710","710"
"223","1121","1121","1121","712","712","712"
"224","1121","1121","1121","714","714","714"
"225","1121","1121","1121","716","716","716"
"226","1121","1121","1121","718","718","718"
"227","1711","1711","1711","725","725","725"
"228","1711","1711","1711","727","727","727"
"229","1711","1711","1711","729","729","729"
"230","1711","1711","1711","731","731","731"
"231","1711","1711","1711","733","733","733"
"232","1711","1711","1711","735","735","735"
"233","1711","1711","1711","737","737","737"
"234","1711","1711","1711","740","740","740"
"235","1711","1711","1711","742","742","742"
"236","1711","1711","1711","744","744","744"
"237","1583","1583","1583","751","751","751"
"238","1583","1583","1583","754","754","754"
"239","1583","1583","1583","756","756","756"
"240","1583","1583","1583","758","758","758"
"241","1583","1583","1583","761","761","761"
"242","1583","1583","1583","763","763","763"
"243","1583","1583","1583","766","766","766"
"244","1583","1583","1583","768","768","768"
"245","1583","1583","1583","771","771","771"
"246","1583","1583","1583","773","773","773"
"247","1618","1618","1618","781","781","781"
"248","1618","1618","1618","783","783","783"
"249","1618","1618","1618","786","786","786"
"250","1618","1618","1618","788","788","788"
"251","1618","1618","1618","791","791","791"
"252","1618","1618","1618","793","793","793"
"253","1618","1618","1618","796","796","796"
"254","1618","1618","1618","798","798","798"
"255","1618","1618","1618","801","801","801"
"256","1618","1618","1618","803","803","803"
"257","1799","1799","1799","814","814","814"
"258","1138","1138","1138","821","821","821"
"259","1138","1138","1138","824","824","824"
"260","1138","1138","1138","827","827","827"
"261","1138","1138","1138","829","829","829"
"262","1138","1138","1138","832","832","832"
"263","1138","1138","1138","834","834","834"
"264","1138","1138","1138","837","837","837"
"265","1138","1138","1138","839","839","839"
"266","1138","1138","1138","842","842","842"
"267","1138","1138","1138","845","845","845"
"268","1499","1499","1499","854","854","854"
"269","1799","1799","1799","862","862","862"
"270","1399","1399","1399","872","872","872"
"271","1126","1126","1126","879","879","879"
"272","1126","1126","1126","881","881","881"
"273","1126","1126","1126","883","883","883"
"274","1126","1126","1126","885","885","885"
"275","1126","1126","1126","887","887","887"
"276","1126","1126","1126","890","890","890"
"277","1126","1126","1126","892","892","892"
"278","1126","1126","1126","894","894","894"
"279","1126","1126","1126","896","896","896"
"280","1126","1126","1126","898","898","898"
"281","1729","1729","1729","905","905","905"
"282","1729","1729","1729","907","907","907"
"283","1729","1729","1729","909","909","909"
"284","1729","1729","1729","911","911","911"
"285","1729","1729","1729","913","913","913"
"286","1729","1729","1729","915","915","915"
"287","1729","1729","1729","917","917","917"
"288","1729","1729","1729","920","920","920"
"289","1729","1729","1729","922","922","922"
"290","1729","1729","1729","924","924","924"
"291","1999","1999","1999","933","933","933"
"292","1600","1600","1600","940","940","940"
"293","1600","1600","1600","942","942","942"
"294","1600","1600","1600","944","944","944"
"295","1600","1600","1600","946","946","946"
"296","1600","1600","1600","949","949","949"
"297","1600","1600","1600","951","951","951"
"298","1600","1600","1600","953","953","953"
"299","1600","1600","1600","955","955","955"
"300","1600","1600","1600","957","957","957"
"301","1600","1600","1600","959","959","959"
"302","1799","1799","1799","970","970","970"
"303","1180","1180","1180","978","978","978"
"304","1180","1180","1180","980","980","980"
"305","1180","1180","1180","982","982","982"
"306","1180","1180","1180","984","984","984"
"307","1180","1180","1180","986","986","986"
"308","1180","1180","1180","988","988","988"
"309","1180","1180","1180","990","990","990"
"310","1180","1180","1180","992","992","992"
"311","1180","1180","1180","995","995","995"
"312","1180","1180","1180","997","997","997"
"313","1250","1250","1250","1004","1004","1004"
"314","1250","1250","1250","1006","1006","1006"
"315","1250","1250","1250","1008","1008","1008"
"316","1250","1250","1250","1010","1010","1010"
"317","1250","1250","1250","1012","1012","1012"
"318","1250","1250","1250","1014","1014","1014"
"319","1250","1250","1250","1016","1016","1016"
"320","1250","1250","1250","1018","1018","1018"
"321","1250","1250","1250","1020","1020","1020"
"322","1250","1250","1250","1023","1023","1023"
"323","1799","1799","1799","1030","1030","1030"
"324","1105","1105","1105","1038","1038","1038"
"325","1105","1105","1105","1041","1041","1041"
"326","1105","1105","1105","1044","1044","1044"
"327","1105","1105","1105","1047","1047","1047"
"328","1105","1105","1105","1049","1049","1049"
"329","1105","1105","1105","1052","1052","1052"
"330","1105","1105","1105","1055","1055","1055"
"331","1105","1105","1105","1058","1058","1058"
"332","1105","1105","1105","1060","1060","1060"
"333","1105","1105","1105","1063","1063","1063"
"334","1152","1152","1152","1070","1070","1070"
"335","1152","1152","1152","1072","1072","1072"
"336","1152","1152","1152","1074","1074","1074"
"337","1152","1152","1152","1077","1077","1077"
"338","1152","1152","1152","1079","1079","1079"
"339","1152","1152","1152","1081","1081","1081"
"340","1152","1152","1152","1083","1083","1083"
"341","1152","1152","1152","1085","1085","1085"
"342","1152","1152","1152","1087","1087","1087"
"343","1152","1152","1152","1089","1089","1089"
"344","3499","3499","3499","1102","1102","1102"
"345","1999","1999","1999","1112","1112","1112"
"346","1558","1558","1558","1119","1119","1119"
"347","1558","1558","1558","1121","1121","1121"
"348","1558","1558","1558","1123","1123","1123"
"349","1558","1558","1558","1125","1125","1125"
"350","1558","1558","1558","1128","1128","1128"
"351","1558","1558","1558","1130","1130","1130"
"352","1558","1558","1558","1132","1132","1132"
"353","1558","1558","1558","1134","1134","1134"
"354","1558","1558","1558","1136","1136","1136"
"355","1558","1558","1558","1138","1138","1138"
"356","1799","1799","1799","1146","1146","1146"
"357","1499","1499","1499","1156","1156","1156"
"358","1499","1499","1499","1167","1167","1167"
"359","1799","1799","1799","1178","1178","1178"
"360","1130","1130","1130","1185","1185","1185"
"361","1130","1130","1130","1187","1187","1187"
"362","1130","1130","1130","1189","1189","1189"
"363","1130","1130","1130","1191","1191","1191"
"364","1130","1130","1130","1193","1193","1193"
"365","1130","1130","1130","1195","1195","1195"
"366","1130","1130","1130","1197","1197","1197"
"367","1130","1130","1130","1199","1199","1199"
"368","1130","1130","1130","1201","1201","1201"
"369","1130","1130","1130","1203","1203","1203"
"370","1127","1127","1127","1211","1211","1211"
"371","1127","1127","1127","1213","1213","1213"
"372","1127","1127","1127","1215","1215","1215"
"373","1127","1127","1127","1217","1217","1217"
"374","1127","1127","1127","1219","1219","1219"
"375","1127","1127","1127","1221","1221","1221"
"376","1127","1127","1127","1223","1223","1223"
"377","1127","1127","1127","1225","1225","1225"
"378","1127","1127","1127","1227","1227","1227"
"379","1127","1127","1127","1229","1229","1229"
"380","3499","3499","3499","1241","1241","1241"
"381","1530","1530","1530","1248","1248","1248"
"382","1530","1530","1530","1250","1250","1250"
"383","1530","1530","1530","1252","1252","1252"
"384","1530","1530","1530","1255","1255","1255"
"385","1530","1530","1530","1257","1257","1257"
"386","1530","1530","1530","1259","1259","1259"
"387","1530","1530","1530","1261","1261","1261"
"388","1530","1530","1530","1263","1263","1263"
"389","1530","1530","1530","1265","1265","1265"
"390","1530","1530","1530","1267","1267","1267"
"391","1555","1555","1555","1274","1274","1274"
"392","1555","1555","1555","1277","1277","1277"
"393","1555","1555","1555","1279","1279","1279"
"394","1555","1555","1555","1282","1282","1282"
"395","1555","1555","1555","1284","1284","1284"
"396","1555","1555","1555","1286","1286","1286"
"397","1555","1555","1555","1289","1289","1289"
"398","1555","1555","1555","1291","1291","1291"
"399","1555","1555","1555","1294","1294","1294"
"400","1555","1555","1555","1296","1296","1296"
"401","1134","1134","1134","1339","1339","1339"
"402","1134","1134","1134","1341","1341","1341"
"403","1134","1134","1134","1343","1343","1343"
"404","1134","1134","1134","1345","1345","1345"
"405","1134","1134","1134","1347","1347","1347"
"406","1134","1134","1134","1350","1350","1350"
"407","1134","1134","1134","1352","1352","1352"
"408","1134","1134","1134","1354","1354","1354"
"409","1134","1134","1134","1356","1356","1356"
"410","1134","1134","1134","1358","1358","1358"
"411","1499","1499","1499","1368","1368","1368"
"412","1499","1499","1499","1379","1379","1379"
"413","1482","1482","1482","1386","1386","1386"
"414","1482","1482","1482","1388","1388","1388"
"415","1482","1482","1482","1390","1390","1390"
"416","1482","1482","1482","1392","1392","1392"
"417","1482","1482","1482","1394","1394","1394"
"418","1482","1482","1482","1396","1396","1396"
"419","1482","1482","1482","1398","1398","1398"
"420","1482","1482","1482","1400","1400","1400"
"421","1482","1482","1482","1402","1402","1402"
"422","1482","1482","1482","1404","1404","1404"
"423","1007","1007","1007","1412","1412","1412"
"424","1007","1007","1007","1414","1414","1414"
"425","1007","1007","1007","1416","1416","1416"
"426","1007","1007","1007","1418","1418","1418"
"427","1007","1007","1007","1420","1420","1420"
"428","1007","1007","1007","1422","1422","1422"
"429","1007","1007","1007","1424","1424","1424"
"430","1007","1007","1007","1426","1426","1426"
"431","1007","1007","1007","1428","1428","1428"
"432","1007","1007","1007","1430","1430","1430"
"433","1143","1143","1143","1437","1437","1437"
"434","1143","1143","1143","1439","1439","1439"
"435","1143","1143","1143","1442","1442","1442"
"436","1143","1143","1143","1444","1444","1444"
"437","1143","1143","1143","1446","1446","1446"
"438","1143","1143","1143","1448","1448","1448"
"439","1143","1143","1143","1450","1450","1450"
"440","1143","1143","1143","1452","1452","1452"
"441","1143","1143","1143","1454","1454","1454"
"442","1143","1143","1143","1456","1456","1456"
"443","1749","1749","1749","1463","1463","1463"
"444","1749","1749","1749","1465","1465","1465"
"445","1749","1749","1749","1468","1468","1468"
"446","1749","1749","1749","1470","1470","1470"
"447","1749","1749","1749","1472","1472","1472"
"448","1749","1749","1749","1474","1474","1474"
"449","1749","1749","1749","1476","1476","1476"
"450","1749","1749","1749","1478","1478","1478"
"451","1749","1749","1749","1480","1480","1480"
"452","1749","1749","1749","1483","1483","1483"
"453","1682","1682","1682","1490","1490","1490"
"454","1682","1682","1682","1493","1493","1493"
"455","1682","1682","1682","1496","1496","1496"
"456","1682","1682","1682","1499","1499","1499"
"457","1682","1682","1682","1501","1501","1501"
"458","1682","1682","1682","1504","1504","1504"
"459","1682","1682","1682","1507","1507","1507"
"460","1682","1682","1682","1510","1510","1510"
"461","1682","1682","1682","1512","1512","1512"
"462","1682","1682","1682","1515","1515","1515"
"463","1999","1999","1999","1526","1526","1526"
"464","1491","1491","1491","1533","1533","1533"
"465","1491","1491","1491","1535","1535","1535"
"466","1491","1491","1491","1538","1538","1538"
"467","1491","1491","1491","1540","1540","1540"
"468","1491","1491","1491","1542","1542","1542"
"469","1491","1491","1491","1544","1544","1544"
"470","1491","1491","1491","1546","1546","1546"
"471","1491","1491","1491","1548","1548","1548"
"472","1491","1491","1491","1550","1550","1550"
"473","1491","1491","1491","1552","1552","1552"
"474","1255","1255","1255","1560","1560","1560"
"475","1255","1255","1255","1562","1562","1562"
"476","1255","1255","1255","1564","1564","1564"
"477","1255","1255","1255","1567","1567","1567"
"478","1255","1255","1255","1569","1569","1569"
"479","1255","1255","1255","1572","1572","1572"
"480","1255","1255","1255","1574","1574","1574"
"481","1255","1255","1255","1576","1576","1576"
"482","1255","1255","1255","1579","1579","1579"
"483","1255","1255","1255","1581","1581","1581"
"484","1443","1443","1443","1590","1590","1590"
"485","1443","1443","1443","1594","1594","1594"
"486","1443","1443","1443","1597","1597","1597"
"487","1443","1443","1443","1601","1601","1601"
"488","1443","1443","1443","1605","1605","1605"
"489","1443","1443","1443","1608","1608","1608"
"490","1443","1443","1443","1612","1612","1612"
"491","1443","1443","1443","1616","1616","1616"
"492","1443","1443","1443","1620","1620","1620"
"493","1443","1443","1443","1623","1623","1623"
"494","1799","1799","1799","1634","1634","1634"
"495","1399","1399","1399","1645","1645","1645"
"496","1214","1214","1214","1653","1653","1653"
"497","1214","1214","1214","1657","1657","1657"
"498","1214","1214","1214","1660","1660","1660"
"499","1214","1214","1214","1664","1664","1664"
"500","1214","1214","1214","1667","1667","1667"
"501","1214","1214","1214","1671","1671","1671"
"502","1214","1214","1214","1675","1675","1675"
"503","1214","1214","1214","1678","1678","1678"
"504","1214","1214","1214","1682","1682","1682"
"505","1214","1214","1214","1685","1685","1685"
"506","3499","3499","3499","1700","1700","1700"
"507","1600","1600","1600","1707","1707","1707"
"508","1600","1600","1600","1709","1709","1709"
"509","1600","1600","1600","1711","1711","1711"
"510","1600","1600","1600","1713","1713","1713"
"511","1600","1600","1600","1715","1715","1715"
"512","1600","1600","1600","1717","1717","1717"
"513","1600","1600","1600","1720","1720","1720"
"514","1600","1600","1600","1722","1722","1722"
"515","1600","1600","1600","1724","1724","1724"
"516","1600","1600","1600","1726","1726","1726"
"517","1999","1999","1999","1736","1736","1736"
"518","1488","1488","1488","1743","1743","1743"
"519","1488","1488","1488","1745","1745","1745"
"520","1488","1488","1488","1747","1747","1747"
"521","1488","1488","1488","1749","1749","1749"
"522","1488","1488","1488","1751","1751","1751"
"523","1488","1488","1488","1753","1753","1753"
"524","1488","1488","1488","1755","1755","1755"
"525","1488","1488","1488","1757","1757","1757"
"526","1488","1488","1488","1760","1760","1760"
"527","1488","1488","1488","1762","1762","1762"
"528","1499","1499","1499","1772","1772","1772"
"529","1499","1499","1499","1782","1782","1782"
"530","1589","1589","1589","1789","1789","1789"
"531","1589","1589","1589","1791","1791","1791"
"532","1589","1589","1589","1793","1793","1793"
"533","1589","1589","1589","1796","1796","1796"
"534","1589","1589","1589","1798","1798","1798"
"535","1589","1589","1589","1800","1800","1800"
"536","1589","1589","1589","1802","1802","1802"
"537","1589","1589","1589","1804","1804","1804"
"538","1589","1589","1589","1806","1806","1806"
"539","1589","1589","1589","1808","1808","1808"
"540","1138","1138","1138","1815","1815","1815"
"541","1138","1138","1138","1817","1817","1817"
"542","1138","1138","1138","1819","1819","1819"
"543","1138","1138","1138","1822","1822","1822"
"544","1138","1138","1138","1824","1824","1824"
"545","1138","1138","1138","1826","1826","1826"
"546","1138","1138","1138","1828","1828","1828"
"547","1138","1138","1138","1830","1830","1830"
"548","1138","1138","1138","1832","1832","1832"
"549","1138","1138","1138","1834","1834","1834"
"550","1005","1005","1005","1842","1842","1842"
"551","1005","1005","1005","1844","1844","1844"
"552","1005","1005","1005","1847","1847","1847"
"553","1005","1005","1005","1850","1850","1850"
"554","1005","1005","1005","1852","1852","1852"
"555","1005","1005","1005","1855","1855","1855"
"556","1005","1005","1005","1857","1857","1857"
"557","1005","1005","1005","1860","1860","1860"
"558","1005","1005","1005","1863","1863","1863"
"559","1005","1005","1005","1865","1865","1865"
"560","1711","1711","1711","1872","1872","1872"
"561","1711","1711","1711","1874","1874","1874"
"562","1711","1711","1711","1876","1876","1876"
"563","1711","1711","1711","1879","1879","1879"
"564","1711","1711","1711","1881","1881","1881"
"565","1711","1711","1711","1883","1883","1883"
"566","1711","1711","1711","1885","1885","1885"
"567","1711","1711","1711","1887","1887","1887"
"568","1711","1711","1711","1889","1889","1889"
"569","1711","1711","1711","1891","1891","1891"
"570","1513","1513","1513","1898","1898","1898"
"571","1513","1513","1513","1900","1900","1900"
"572","1513","1513","1513","1902","1902","1902"
"573","1513","1513","1513","1904","1904","1904"
"574","1513","1513","1513","1906","1906","1906"
"575","1513","1513","1513","1908","1908","1908"
"576","1513","1513","1513","1911","1911","1911"
"577","1513","1513","1513","1913","1913","1913"
"578","1513","1513","1513","1915","1915","1915"
"579","1513","1513","1513","1917","1917","1917"
"580","1999","1999","1999","1929","1929","1929"
"581","1799","1799","1799","1939","1939","1939"
"582","1499","1499","1499","1949","1949","1949"
"583","1499","1499","1499","1959","1959","1959"
"584","1799","1799","1799","1969","1969","1969"
"585","1399","1399","1399","1979","1979","1979"
"586","1399","1399","1399","1988","1988","1988"
"587","3499","3499","3499","2003","2003","2003"
"588","1999","1999","1999","2014","2014","2014"
"589","1999","1999","1999","2025","2025","2025"
"590","1799","1799","1799","2035","2035","2035"
"591","1499","1499","1499","2045","2045","2045"
"592","1499","1499","1499","2055","2055","2055"
"593","1799","1799","1799","2065","2065","2065"
"594","1399","1399","1399","2075","2075","2075"
"595","1399","1399","1399","2084","2084","2084"
"596","3499","3499","3499","2099","2099","2099"
"597","1999","1999","1999","2110","2110","2110"
"598","1999","1999","1999","2121","2121","2121"
"599","1799","1799","1799","2132","2132","2132"
"600","1499","1499","1499","2141","2141","2141"
"601","1499","1499","1499","2151","2151","2151"
"602","1799","1799","1799","2162","2162","2162"
"603","1399","1399","1399","2171","2171","2171"
"604","1399","1399","1399","2181","2181","2181"
"605","3499","3499","3499","2195","2195","2195"
"606","1999","1999","1999","2206","2206","2206"
"607","1999","1999","1999","2217","2217","2217"
"608","1799","1799","1799","2228","2228","2228"
"609","1499","1499","1499","2238","2238","2238"
"610","1499","1499","1499","2247","2247","2247"
"611","1799","1799","1799","2258","2258","2258"
"612","1399","1399","1399","2267","2267","2267"
"613","1399","1399","1399","2277","2277","2277"
"614","3499","3499","3499","2292","2292","2292"
"615","1999","1999","1999","2303","2303","2303"
"616","1999","1999","1999","2314","2314","2314"
"617","1799","1799","1799","2324","2324","2324"
"618","1499","1499","1499","2334","2334","2334"
"619","1499","1499","1499","2344","2344","2344"
"620","1799","1799","1799","2354","2354","2354"
"621","1399","1399","1399","2364","2364","2364"
"622","1399","1399","1399","2373","2373","2373"
"623","3499","3499","3499","2388","2388","2388"
"624","1999","1999","1999","2399","2399","2399"
"625","1999","1999","1999","2410","2410","2410"
"626","1799","1799","1799","2420","2420","2420"
"627","1499","1499","1499","2430","2430","2430"
"628","1499","1499","1499","2440","2440","2440"
"629","1799","1799","1799","2450","2450","2450"
"630","1399","1399","1399","2460","2460","2460"
"631","1399","1399","1399","2469","2469","2469"
"632","3499","3499","3499","2484","2484","2484"
"633","1999","1999","1999","2495","2495","2495"
"634","1999","1999","1999","2506","2506","2506"
"635","1799","1799","1799","2517","2517","2517"
"636","1499","1499","1499","2526","2526","2526"
"637","1499","1499","1499","2536","2536","2536"
"638","1799","1799","1799","2546","2546","2546"
"639","1399","1399","1399","2556","2556","2556"
"640","1399","1399","1399","2565","2565","2565"
"641","3499","3499","3499","2580","2580","2580"
"642","1999","1999","1999","2591","2591","2591"
"643","1999","1999","1999","2602","2602","2602"
"644","1799","1799","1799","2613","2613","2613"
"645","1499","1499","1499","2622","2622","2622"
"646","1499","1499","1499","2632","2632","2632"
"647","1799","1799","1799","2643","2643","2643"
"648","1399","1399","1399","2652","2652","2652"
"649","1399","1399","1399","2662","2662","2662"
"650","3499","3499","3499","2676","2676","2676"
"651","1999","1999","1999","2687","2687","2687"
"652","1999","1999","1999","2698","2698","2698"
"653","1799","1799","1799","2709","2709","2709"
"654","1499","1499","1499","2719","2719","2719"
"655","1499","1499","1499","2728","2728","2728"
"656","1799","1799","1799","2739","2739","2739"
"657","1399","1399","1399","2748","2748","2748"
"658","1399","1399","1399","2758","2758","2758"
"659","3499","3499","3499","2773","2773","2773"
"660","1999","1999","1999","2784","2784","2784"
"661","1999","1999","1999","2795","2795","2795"
"662","1799","1799","1799","2805","2805","2805"
"663","1499","1499","1499","2815","2815","2815"
"664","1499","1499","1499","2825","2825","2825"
"665","1799","1799","1799","2835","2835","2835"
"666","1399","1399","1399","2845","2845","2845"
"667","1399","1399","1399","2854","2854","2854"
"668","3499","3499","3499","2869","2869","2869"
"669","1999","1999","1999","2880","2880","2880"
"670","1999","1999","1999","2891","2891","2891"
"671","1799","1799","1799","2901","2901","2901"
"672","1499","1499","1499","2911","2911","2911"
"673","1499","1499","1499","2921","2921","2921"
"674","1799","1799","1799","2931","2931","2931"
"675","1399","1399","1399","2941","2941","2941"
"676","1399","1399","1399","2950","2950","2950"
"677","3499","3499","3499","2965","2965","2965"
"678","1999","1999","1999","2976","2976","2976"
"679","1999","1999","1999","2987","2987","2987"
"680","1799","1799","1799","2998","2998","2998"
"681","1499","1499","1499","3007","3007","3007"
"682","1499","1499","1499","3017","3017","3017"
"683","1799","1799","1799","3028","3028","3028"
"684","1399","1399","1399","3037","3037","3037"
"685","1399","1399","1399","3047","3047","3047"
"686","3499","3499","3499","3061","3061","3061"
"687","1999","1999","1999","3072","3072","3072"
"688","1999","1999","1999","3083","3083","3083"
"689","1799","1799","1799","3094","3094","3094"
"690","1499","1499","1499","3103","3103","3103"
"691","1499","1499","1499","3113","3113","3113"
"692","1799","1799","1799","3124","3124","3124"
"693","1399","1399","1399","3133","3133","3133"
"694","1399","1399","1399","3143","3143","3143"
"695","3499","3499","3499","3157","3157","3157"
"696","1999","1999","1999","3168","3168","3168"
"697","1999","1999","1999","3179","3179","3179"
"698","1799","1799","1799","3190","3190","3190"
"699","1499","1499","1499","3200","3200","3200"
"700","1499","1499","1499","3209","3209","3209"
"701","1799","1799","1799","3220","3220","3220"
"702","1399","1399","1399","3229","3229","3229"
"703","1399","1399","1399","3239","3239","3239"
"704","3499","3499","3499","3254","3254","3254"
"705","1999","1999","1999","3265","3265","3265"
"706","1999","1999","1999","3276","3276","3276"
"707","1799","1799","1799","3286","3286","3286"
"708","1499","1499","1499","3296","3296","3296"
"709","1499","1499","1499","3306","3306","3306"
"710","1799","1799","1799","3316","3316","3316"
"711","1399","1399","1399","3326","3326","3326"
"712","1399","1399","1399","3335","3335","3335"
"713","3499","3499","3499","3350","3350","3350"
"714","1999","1999","1999","3361","3361","3361"
"715","1999","1999","1999","3372","3372","3372"
"716","1799","1799","1799","3382","3382","3382"
"717","1499","1499","1499","3392","3392","3392"
"718","1499","1499","1499","3402","3402","3402"
"719","1799","1799","1799","3412","3412","3412"
"720","1399","1399","1399","3422","3422","3422"
"721","1399","1399","1399","3431","3431","3431"
"722","3499","3499","3499","3446","3446","3446"
"723","1999","1999","1999","3457","3457","3457"
"724","1999","1999","1999","3468","3468","3468"
"725","1799","1799","1799","3479","3479","3479"
"726","1499","1499","1499","3488","3488","3488"
"727","1499","1499","1499","3498","3498","3498"
"728","1799","1799","1799","3509","3509","3509"
"729","1399","1399","1399","3518","3518","3518"
"730","1399","1399","1399","3528","3528","3528"
"731","3499","3499","3499","3542","3542","3542"
"732","1999","1999","1999","3553","3553","3553"
"733","1999","1999","1999","3564","3564","3564"
"734","1799","1799","1799","3575","3575","3575"
"735","1499","1499","1499","3585","3585","3585"
"736","1499","1499","1499","3594","3594","3594"
"737","1799","1799","1799","3605","3605","3605"
"738","1399","1399","1399","3614","3614","3614"
"739","1399","1399","1399","3624","3624","3624"
"740","3499","3499","3499","3638","3638","3638"
"741","1999","1999","1999","3649","3649","3649"
"742","1999","1999","1999","3660","3660","3660"
"743","1799","1799","1799","3671","3671","3671"
"744","1499","1499","1499","3681","3681","3681"
"745","1499","1499","1499","3690","3690","3690"
"746","1799","1799","1799","3701","3701","3701"
"747","1399","1399","1399","3710","3710","3710"
"748","1399","1399","1399","3720","3720","3720"
"749","3499","3499","3499","3735","3735","3735"
"750","1999","1999","1999","3746","3746","3746"
"751","1999","1999","1999","3757","3757","3757"
"752","1799","1799","1799","3767","3767","3767"
"753","1499","1499","1499","3777","3777","3777"
"754","1499","1499","1499","3787","3787","3787"
"755","1799","1799","1799","3797","3797","3797"
"756","1399","1399","1399","3807","3807","3807"
"757","1399","1399","1399","3816","3816","3816"
"758","3499","3499","3499","3831","3831","3831"
"759","1999","1999","1999","3842","3842","3842"
"760","1999","1999","1999","3853","3853","3853"
"761","1799","1799","1799","3863","3863","3863"
"762","1499","1499","1499","3873","3873","3873"
"763","1499","1499","1499","3883","3883","3883"
"764","1799","1799","1799","3893","3893","3893"
"765","1399","1399","1399","3903","3903","3903"
"766","1399","1399","1399","3912","3912","3912"
"767","3499","3499","3499","3927","3927","3927"
"768","1999","1999","1999","3938","3938","3938"
"769","1999","1999","1999","3949","3949","3949"
"770","1799","1799","1799","3960","3960","3960"
"771","1499","1499","1499","3969","3969","3969"
"772","1499","1499","1499","3979","3979","3979"
"773","1799","1799","1799","3990","3990","3990"
"774","1399","1399","1399","3999","3999","3999"
"775","1399","1399","1399","4009","4009","4009"
"776","3499","3499","3499","4023","4023","4023"
"777","1999","1999","1999","4034","4034","4034"
"778","1999","1999","1999","4045","4045","4045"
"779","1799","1799","1799","4056","4056","4056"
"780","1499","1499","1499","4066","4066","4066"
"781","1499","1499","1499","4075","4075","4075"
"782","1799","1799","1799","4086","4086","4086"
"783","1399","1399","1399","4095","4095","4095"
"784","1399","1399","1399","4105","4105","4105"
"785","3499","3499","3499","4120","4120","4120"
"786","1999","1999","1999","4131","4131","4131"
"787","1999","1999","1999","4141","4141","4141"
"788","1799","1799","1799","4152","4152","4152"
"789","1499","1499","1499","4162","4162","4162"
"790","1499","1499","1499","4171","4171","4171"
"791","1799","1799","1799","4182","4182","4182"
"792","1399","1399","1399","4191","4191","4191"
"793","1399","1399","1399","4201","4201","4201"
"794","3499","3499","3499","4216","4216","4216"
"795","1999","1999","1999","4227","4227","4227"
"796","1999","1999","1999","4238","4238","4238"
"797","1799","1799","1799","4248","4248","4248"
"798","1499","1499","1499","4258","4258","4258"
"799","1499","1499","1499","4268","4268","4268"
"800","1799","1799","1799","4278","4278","4278"
"801","1999","1999","1999","4316","4316","4316"
"802","1399","1399","1399","4326","4326","4326"
"803","3499","3499","3499","4340","4340","4340"
"804","1999","1999","1999","4351","4351","4351"
"805","1999","1999","1999","4362","4362","4362"
"806","1799","1799","1799","4373","4373","4373"
"807","1499","1499","1499","4383","4383","4383"
"808","1499","1499","1499","4392","4392","4392"
"809","1799","1799","1799","4403","4403","4403"
"810","1399","1399","1399","4412","4412","4412"
"811","1399","1399","1399","4422","4422","4422"
"812","3499","3499","3499","4437","4437","4437"
"813","1999","1999","1999","4448","4448","4448"
"814","1999","1999","1999","4459","4459","4459"
"815","1799","1799","1799","4469","4469","4469"
"816","1499","1499","1499","4479","4479","4479"
"817","1499","1499","1499","4489","4489","4489"
"818","1799","1799","1799","4499","4499","4499"
"819","1399","1399","1399","4509","4509","4509"
"820","1399","1399","1399","4518","4518","4518"
"821","3499","3499","3499","4533","4533","4533"
"822","1999","1999","1999","4544","4544","4544"
"823","1999","1999","1999","4555","4555","4555"
"824","1799","1799","1799","4565","4565","4565"
"825","1499","1499","1499","4575","4575","4575"
"826","1499","1499","1499","4585","4585","4585"
"827","1799","1799","1799","4595","4595","4595"
"828","1399","1399","1399","4605","4605","4605"
"829","1399","1399","1399","4614","4614","4614"
"830","3499","3499","3499","4629","4629","4629"
"831","1999","1999","1999","4640","4640","4640"
"832","1999","1999","1999","4651","4651","4651"
"833","1799","1799","1799","4662","4662","4662"
"834","1499","1499","1499","4671","4671","4671"
"835","1499","1499","1499","4681","4681","4681"
"836","1799","1799","1799","4692","4692","4692"
"837","1399","1399","1399","4701","4701","4701"
"838","1399","1399","1399","4710","4710","4710"
"839","3499","3499","3499","4725","4725","4725"
"840","1999","1999","1999","4736","4736","4736"
"841","1999","1999","1999","4747","4747","4747"
"842","1799","1799","1799","4758","4758","4758"
"843","1499","1499","1499","4767","4767","4767"
"844","1499","1499","1499","4777","4777","4777"
"845","1799","1799","1799","4788","4788","4788"
"846","1399","1399","1399","4797","4797","4797"
"847","1399","1399","1399","4807","4807","4807"
"848","3499","3499","3499","4821","4821","4821"
"849","1999","1999","1999","4832","4832","4832"
"850","1999","1999","1999","4843","4843","4843"
"851","1799","1799","1799","4854","4854","4854"
"852","1499","1499","1499","4864","4864","4864"
"853","1499","1499","1499","4873","4873","4873"
"854","1799","1799","1799","4884","4884","4884"
"855","1399","1399","1399","4893","4893","4893"
"856","1399","1399","1399","4903","4903","4903"
"857","3499","3499","3499","4918","4918","4918"
"858","1999","1999","1999","4929","4929","4929"
"859","1999","1999","1999","4940","4940","4940"
"860","1799","1799","1799","4950","4950","4950"
"861","1499","1499","1499","4960","4960","4960"
"862","1499","1499","1499","4970","4970","4970"
"863","1799","1799","1799","4980","4980","4980"
"864","1399","1399","1399","4990","4990","4990"
"865","1399","1399","1399","4999","4999","4999"
"866","3499","3499","3499","5014","5014","5014"
"867","1999","1999","1999","5025","5025","5025"
"868","1999","1999","1999","5036","5036","5036"
"869","1799","1799","1799","5046","5046","5046"
"870","1499","1499","1499","5056","5056","5056"
"871","1499","1499","1499","5066","5066","5066"
"872","1799","1799","1799","5076","5076","5076"
"873","1399","1399","1399","5086","5086","5086"
"874","1399","1399","1399","5095","5095","5095"
"875","3499","3499","3499","5110","5110","5110"
"876","1999","1999","1999","5121","5121","5121"
"877","1999","1999","1999","5132","5132","5132"
"878","1799","1799","1799","5143","5143","5143"
"879","1499","1499","1499","5152","5152","5152"
"880","1499","1499","1499","5162","5162","5162"
"881","1799","1799","1799","5173","5173","5173"
"882","1399","1399","1399","5182","5182","5182"
"883","1399","1399","1399","5192","5192","5192"
"884","3499","3499","3499","5206","5206","5206"
"885","1999","1999","1999","5217","5217","5217"
"886","1999","1999","1999","5228","5228","5228"
"887","1799","1799","1799","5239","5239","5239"
"888","1499","1499","1499","5248","5248","5248"
"889","1499","1499","1499","5258","5258","5258"
"890","1799","1799","1799","5269","5269","5269"
"891","1399","1399","1399","5278","5278","5278"
"892","1399","1399","1399","5288","5288","5288"
"893","3499","3499","3499","5302","5302","5302"
"894","1999","1999","1999","5313","5313","5313"
"895","1999","1999","1999","5324","5324","5324"
"896","1799","1799","1799","5335","5335","5335"
"897","1499","1499","1499","5345","5345","5345"
"898","1499","1499","1499","5354","5354","5354"
"899","1799","1799","1799","5365","5365","5365"
"900","1399","1399","1399","5374","5374","5374"
"901","1399","1399","1399","5384","5384","5384"
"902","3499","3499","3499","5399","5399","5399"
"903","1999","1999","1999","5410","5410","5410"
"904","1999","1999","1999","5421","5421","5421"
"905","1799","1799","1799","5431","5431","5431"
"906","1499","1499","1499","5441","5441","5441"
"907","1499","1499","1499","5451","5451","5451"
"908","1799","1799","1799","5461","5461","5461"
"909","1399","1399","1399","5471","5471","5471"
"910","1399","1399","1399","5480","5480","5480"
"911","3499","3499","3499","5495","5495","5495"
"912","1999","1999","1999","5506","5506","5506"
"913","1999","1999","1999","5517","5517","5517"
"914","1799","1799","1799","5527","5527","5527"
"915","1499","1499","1499","5537","5537","5537"
"916","1499","1499","1499","5547","5547","5547"
"917","1799","1799","1799","5557","5557","5557"
"918","1399","1399","1399","5567","5567","5567"
"919","1399","1399","1399","5576","5576","5576"
"920","3499","3499","3499","5591","5591","5591"
"921","1999","1999","1999","5602","5602","5602"
"922","1999","1999","1999","5613","5613","5613"
"923","1799","1799","1799","5624","5624","5624"
"924","1499","1499","1499","5633","5633","5633"
"925","1499","1499","1499","5643","5643","5643"
"926","1799","1799","1799","5654","5654","5654"
"927","1399","1399","1399","5663","5663","5663"
"928","1399","1399","1399","5673","5673","5673"
"929","3499","3499","3499","5687","5687","5687"
"930","1999","1999","1999","5698","5698","5698"
"931","1999","1999","1999","5709","5709","5709"
"932","1799","1799","1799","5720","5720","5720"
"933","1499","1499","1499","5730","5730","5730"
"934","1499","1499","1499","5739","5739","5739"
"935","1799","1799","1799","5750","5750","5750"
"936","1399","1399","1399","5759","5759","5759"
"937","1399","1399","1399","5769","5769","5769"
"938","3499","3499","3499","5783","5783","5783"
"939","1999","1999","1999","5794","5794","5794"
"940","1999","1999","1999","5805","5805","5805"
"941","1799","1799","1799","5816","5816","5816"
"942","1499","1499","1499","5826","5826","5826"
"943","1499","1499","1499","5835","5835","5835"
"944","1799","1799","1799","5846","5846","5846"
"945","1399","1399","1399","5855","5855","5855"
"946","1399","1399","1399","5865","5865","5865"
"947","3499","3499","3499","5880","5880","5880"
"948","1999","1999","1999","5891","5891","5891"
"949","1999","1999","1999","5902","5902","5902"
"950","1799","1799","1799","5912","5912","5912"
"951","1499","1499","1499","5922","5922","5922"
"952","1499","1499","1499","5932","5932","5932"
"953","1799","1799","1799","5942","5942","5942"
"954","1399","1399","1399","5952","5952","5952"
"955","1399","1399","1399","5961","5961","5961"
"956","3499","3499","3499","5976","5976","5976"
"957","1999","1999","1999","5987","5987","5987"
"958","1999","1999","1999","5998","5998","5998"
"959","1799","1799","1799","6008","6008","6008"
"960","1499","1499","1499","6018","6018","6018"
"961","1499","1499","1499","6028","6028","6028"
"962","1799","1799","1799","6038","6038","6038"
"963","1399","1399","1399","6048","6048","6048"
"964","1399","1399","1399","6057","6057","6057"
"965","3499","3499","3499","6072","6072","6072"
"966","1999","1999","1999","6083","6083","6083"
"967","1999","1999","1999","6094","6094","6094"
"968","1799","1799","1799","6105","6105","6105"
"969","1499","1499","1499","6114","6114","6114"
"970","1499","1499","1499","6124","6124","6124"
"971","1799","1799","1799","6135","6135","6135"
"972","1399","1399","1399","6144","6144","6144"
"973","1399","1399","1399","6154","6154","6154"
"974","3499","3499","3499","6168","6168","6168"
"975","1999","1999","1999","6179","6179","6179"
"976","1999","1999","1999","6190","6190","6190"
"977","1799","1799","1799","6201","6201","6201"
"978","1499","1499","1499","6211","6211","6211"
"979","1499","1499","1499","6220","6220","6220"
"980","1799","1799","1799","6231","6231","6231"
"981","1399","1399","1399","6240","6240","6240"
"982","1399","1399","1399","6250","6250","6250"
"983","3499","3499","3499","6265","6265","6265"
"984","1999","1999","1999","6276","6276","6276"
"985","1999","1999","1999","6287","6287","6287"
"986","1799","1799","1799","6297","6297","6297"
"987","1499","1499","1499","6307","6307","6307"
"988","1499","1499","1499","6316","6316","6316"
"989","1799","1799","1799","6327","6327","6327"
"990","1399","1399","1399","6336","6336","6336"
"991","1399","1399","1399","6346","6346","6346"
"992","3499","3499","3499","6361","6361","6361"
"993","1999","1999","1999","6372","6372","6372"
"994","1999","1999","1999","6383","6383","6383"
"995","1799","1799","1799","6393","6393","6393"
"996","1499","1499","1499","6403","6403","6403"
"997","1499","1499","1499","6413","6413","6413"
"998","1799","1799","1799","6423","6423","6423"
"999","1399","1399","1399","6433","6433","6433"
"1000","1399","1399","1399","6442","6442","6442"
"1001","3499","3499","3499","6457","6457","6457"
"1002","1999","1999","1999","6468","6468","6468"
"1003","1999","1999","1999","6479","6479","6479"
"1004","1799","1799","1799","6489","6489","6489"
"1005","1499","1499","1499","6499","6499","6499"
"1006","1499","1499","1499","6509","6509","6509"
"1007","1799","1799","1799","6519","6519","6519"
"1008","1399","1399","1399","6529","6529","6529"
"1009","1399","1399","1399","6538","6538","6538"
"1010","3499","3499","3499","6553","6553","6553"
"1011","1999","1999","1999","6564","6564","6564"
"1012","1999","1999","1999","6575","6575","6575"
"1013","1799","1799","1799","6586","6586","6586"
"1014","1499","1499","1499","6595","6595","6595"
"1015","1499","1499","1499","6605","6605","6605"
"1016","1799","1799","1799","6616","6616","6616"
"1017","1399","1399","1399","6625","6625","6625"
"1018","1399","1399","1399","6635","6635","6635"
"1019","3499","3499","3499","6649","6649","6649"
"1020","1999","1999","1999","6660","6660","6660"
"1021","1999","1999","1999","6671","6671","6671"
"1022","1799","1799","1799","6682","6682","6682"
"1023","1499","1499","1499","6692","6692","6692"
"1024","1499","1499","1499","6701","6701","6701"
"1025","1799","1799","1799","6712","6712","6712"
"1026","1399","1399","1399","6721","6721","6721"
"1027","1399","1399","1399","6731","6731","6731"
"1028","3499","3499","3499","6746","6746","6746"
"1029","1999","1999","1999","6757","6757","6757"
"1030","1999","1999","1999","6768","6768","6768"
"1031","1799","1799","1799","6778","6778","6778"
"1032","1499","1499","1499","6788","6788","6788"
"1033","1499","1499","1499","6798","6798","6798"
"1034","1799","1799","1799","6808","6808","6808"
"1035","1399","1399","1399","6818","6818","6818"
"1036","1399","1399","1399","6827","6827","6827"
"1037","3499","3499","3499","6842","6842","6842"
"1038","1999","1999","1999","6853","6853","6853"
"1039","1999","1999","1999","6864","6864","6864"
"1040","1799","1799","1799","6874","6874","6874"
"1041","1499","1499","1499","6884","6884","6884"
"1042","1499","1499","1499","6894","6894","6894"
"1043","1799","1799","1799","6904","6904","6904"
"1044","1399","1399","1399","6914","6914","6914"
"1045","1399","1399","1399","6923","6923","6923"
"1046","3499","3499","3499","6938","6938","6938"
"1047","1999","1999","1999","6949","6949","6949"
"1048","1999","1999","1999","6960","6960","6960"
"1049","1799","1799","1799","6970","6970","6970"
"1050","1499","1499","1499","6980","6980","6980"
"1051","1499","1499","1499","6990","6990","6990"
"1052","1799","1799","1799","7000","7000","7000"
"1053","1399","1399","1399","7010","7010","7010"
"1054","1399","1399","1399","7019","7019","7019"
"1055","3499","3499","3499","7034","7034","7034"
"1056","1999","1999","1999","7045","7045","7045"
"1057","1999","1999","1999","7056","7056","7056"
"1058","1799","1799","1799","7067","7067","7067"
"1059","1499","1499","1499","7076","7076","7076"
"1060","1499","1499","1499","7086","7086","7086"
"1061","1799","1799","1799","7097","7097","7097"
"1062","1399","1399","1399","7106","7106","7106"
"1063","1399","1399","1399","7116","7116","7116"
"1064","3499","3499","3499","7130","7130","7130"
"1065","1999","1999","1999","7141","7141","7141"
"1066","1999","1999","1999","7152","7152","7152"
"1067","1799","1799","1799","7163","7163","7163"
"1068","1499","1499","1499","7173","7173","7173"
"1069","1499","1499","1499","7182","7182","7182"
"1070","1799","1799","1799","7193","7193","7193"
"1071","1399","1399","1399","7202","7202","7202"
"1072","1399","1399","1399","7212","7212","7212"
"1073","3499","3499","3499","7227","7227","7227"
"1074","1999","1999","1999","7238","7238","7238"
"1075","1999","1999","1999","7249","7249","7249"
"1076","1799","1799","1799","7259","7259","7259"
"1077","1499","1499","1499","7269","7269","7269"
"1078","1499","1499","1499","7279","7279","7279"
"1079","1799","1799","1799","7289","7289","7289"
"1080","1399","1399","1399","7299","7299","7299"
"1081","1399","1399","1399","7308","7308","7308"
"1082","3499","3499","3499","7323","7323","7323"
"1083","1999","1999","1999","7334","7334","7334"
"1084","1999","1999","1999","7345","7345","7345"
"1085","1799","1799","1799","7355","7355","7355"
"1086","1499","1499","1499","7365","7365","7365"
"1087","1499","1499","1499","7375","7375","7375"
"1088","1799","1799","1799","7385","7385","7385"
"1089","1399","1399","1399","7395","7395","7395"
"1090","1399","1399","1399","7404","7404","7404"
"1091","3499","3499","3499","7419","7419","7419"
"1092","1999","1999","1999","7430","7430","7430"
"1093","1999","1999","1999","7441","7441","7441"
"1094","1799","1799","1799","7451","7451","7451"
"1095","1499","1499","1499","7461","7461","7461"
"1096","1499","1499","1499","7471","7471","7471"
"1097","1799","1799","1799","7481","7481","7481"
"1098","1399","1399","1399","7491","7491","7491"
"1099","1399","1399","1399","7500","7500","7500"
"1100","3499","3499","3499","7515","7515","7515"
"1101","1999","1999","1999","7526","7526","7526"
"1102","1999","1999","1999","7537","7537","7537"
"1103","1799","1799","1799","7548","7548","7548"
"1104","1499","1499","1499","7557","7557","7557"
"1105","1499","1499","1499","7567","7567","7567"
"1106","1799","1799","1799","7578","7578","7578"
"1107","1399","1399","1399","7587","7587","7587"
"1108","1399","1399","1399","7597","7597","7597"
"1109","3499","3499","3499","7611","7611","7611"
"1110","1999","1999","1999","7622","7622","7622"
"1111","1999","1999","1999","7633","7633","7633"
"1112","1799","1799","1799","7644","7644","7644"
"1113","1499","1499","1499","7654","7654","7654"
"1114","1499","1499","1499","7663","7663","7663"
"1115","1799","1799","1799","7674","7674","7674"
"1116","1399","1399","1399","7683","7683","7683"
"1117","1399","1399","1399","7693","7693","7693"
"1118","3499","3499","3499","7708","7708","7708"
"1119","1999","1999","1999","7719","7719","7719"
"1120","1999","1999","1999","7730","7730","7730"
"1121","1799","1799","1799","7740","7740","7740"
"1122","1499","1499","1499","7750","7750","7750"
"1123","1499","1499","1499","7760","7760","7760"
"1124","1799","1799","1799","7770","7770","7770"
"1125","1399","1399","1399","7780","7780","7780"
"1126","1399","1399","1399","7789","7789","7789"
"1127","3499","3499","3499","7804","7804","7804"
"1128","1999","1999","1999","7815","7815","7815"
"1129","1999","1999","1999","7826","7826","7826"
"1130","1799","1799","1799","7836","7836","7836"
"1131","1499","1499","1499","7846","7846","7846"
"1132","1499","1499","1499","7856","7856","7856"
"1133","1799","1799","1799","7866","7866","7866"
"1134","1399","1399","1399","7876","7876","7876"
"1135","1399","1399","1399","7885","7885","7885"
"1136","3499","3499","3499","7900","7900","7900"
"1137","1999","1999","1999","7911","7911","7911"
"1138","1999","1999","1999","7922","7922","7922"
"1139","1799","1799","1799","7932","7932","7932"
"1140","1499","1499","1499","7942","7942","7942"
"1141","1499","1499","1499","7952","7952","7952"
"1142","1799","1799","1799","7962","7962","7962"
"1143","1399","1399","1399","7972","7972","7972"
"1144","1399","1399","1399","7981","7981","7981"
"1145","3499","3499","3499","7996","7996","7996"
"1146","1999","1999","1999","8007","8007","8007"
"1147","1999","1999","1999","8018","8018","8018"
"1148","1799","1799","1799","8029","8029","8029"
"1149","1499","1499","1499","8038","8038","8038"
"1150","1499","1499","1499","8048","8048","8048"
"1151","1799","1799","1799","8059","8059","8059"
"1152","1399","1399","1399","8068","8068","8068"
"1153","1399","1399","1399","8078","8078","8078"
"1154","3499","3499","3499","8092","8092","8092"
"1155","1999","1999","1999","8103","8103","8103"
"1156","1999","1999","1999","8114","8114","8114"
"1157","1799","1799","1799","8125","8125","8125"
"1158","1499","1499","1499","8135","8135","8135"
"1159","1499","1499","1499","8144","8144","8144"
"1160","1799","1799","1799","8155","8155","8155"
"1161","1399","1399","1399","8164","8164","8164"
"1162","1399","1399","1399","8174","8174","8174"
"1163","3499","3499","3499","8189","8189","8189"
"1164","1999","1999","1999","8200","8200","8200"