"Evaluate/step_episode","test_rl_filter_49600_2025-07-20_12-17-12_ftg_0.95_parti_500_noise_5e-05 - Evaluate/EpEnvLen","test_rl_filter_49600_2025-07-20_12-17-12_ftg_0.95_parti_500_noise_5e-05 - Evaluate/EpEnvLen__MIN","test_rl_filter_49600_2025-07-20_12-17-12_ftg_0.95_parti_500_noise_5e-05 - Evaluate/EpEnvLen__MAX","test_rl_filter_49600_2025-07-20_12-17-12_ftg_0.95_parti_500_noise_5e-05 - _step","test_rl_filter_49600_2025-07-20_12-17-12_ftg_0.95_parti_500_noise_5e-05 - _step__MIN","test_rl_filter_49600_2025-07-20_12-17-12_ftg_0.95_parti_500_noise_5e-05 - _step__MAX","test_rl_filter_49600_2025-07-20_12-17-12_ftg_0.95_parti_500_noise_0.0001 - Evaluate/EpEnvLen","test_rl_filter_49600_2025-07-20_12-17-12_ftg_0.95_parti_500_noise_0.0001 - Evaluate/EpEnvLen__MIN","test_rl_filter_49600_2025-07-20_12-17-12_ftg_0.95_parti_500_noise_0.0001 - Evaluate/EpEnvLen__MAX","test_rl_filter_49600_2025-07-20_12-17-12_ftg_0.95_parti_500_noise_0.0001 - _step","test_rl_filter_49600_2025-07-20_12-17-12_ftg_0.95_parti_500_noise_0.0001 - _step__MIN","test_rl_filter_49600_2025-07-20_12-17-12_ftg_0.95_parti_500_noise_0.0001 - _step__MAX","test_rl_filter_49600_2025-07-20_12-17-12_ftg_0.95_parti_500_noise_0.001 - Evaluate/EpEnvLen","test_rl_filter_49600_2025-07-20_12-17-12_ftg_0.95_parti_500_noise_0.001 - Evaluate/EpEnvLen__MIN","test_rl_filter_49600_2025-07-20_12-17-12_ftg_0.95_parti_500_noise_0.001 - Evaluate/EpEnvLen__MAX","test_rl_filter_49600_2025-07-20_12-17-12_ftg_0.95_parti_500_noise_0.001 - _step","test_rl_filter_49600_2025-07-20_12-17-12_ftg_0.95_parti_500_noise_0.001 - _step__MIN","test_rl_filter_49600_2025-07-20_12-17-12_ftg_0.95_parti_500_noise_0.001 - _step__MAX","test_rl_filter_49600_2025-07-20_12-17-12_ftg_0.95_parti_500_noise_0.01 - Evaluate/EpEnvLen","test_rl_filter_49600_2025-07-20_12-17-12_ftg_0.95_parti_500_noise_0.01 - Evaluate/EpEnvLen__MIN","test_rl_filter_49600_2025-07-20_12-17-12_ftg_0.95_parti_500_noise_0.01 - Evaluate/EpEnvLen__MAX","test_rl_filter_49600_2025-07-20_12-17-12_ftg_0.95_parti_500_noise_0.01 - _step","test_rl_filter_49600_2025-07-20_12-17-12_ftg_0.95_parti_500_noise_0.01 - _step__MIN","test_rl_filter_49600_2025-07-20_12-17-12_ftg_0.95_parti_500_noise_0.01 - _step__MAX","test_rl_filter_49600_2025-07-20_12-17-12_ftg_0.95_parti_500_noise_0.1 - Evaluate/EpEnvLen","test_rl_filter_49600_2025-07-20_12-17-12_ftg_0.95_parti_500_noise_0.1 - Evaluate/EpEnvLen__MIN","test_rl_filter_49600_2025-07-20_12-17-12_ftg_0.95_parti_500_noise_0.1 - Evaluate/EpEnvLen__MAX","test_rl_filter_49600_2025-07-20_12-17-12_ftg_0.95_parti_500_noise_0.1 - _step","test_rl_filter_49600_2025-07-20_12-17-12_ftg_0.95_parti_500_noise_0.1 - _step__MIN","test_rl_filter_49600_2025-07-20_12-17-12_ftg_0.95_parti_500_noise_0.1 - _step__MAX"
"0","1818","1818","1818","3","3","3","1818","1818","1818","3","3","3","1818","1818","1818","3","3","3","1816","1816","1816","3","3","3","1820","1820","1820","3","3","3"
"1","1554","1554","1554","8","8","8","1554","1554","1554","8","8","8","1621","1621","1621","8","8","8","1583","1583","1583","8","8","8","1589","1589","1589","8","8","8"
"2","1587","1587","1587","13","13","13","1587","1587","1587","13","13","13","1622","1622","1622","13","13","13","1557","1557","1557","13","13","13","1559","1559","1559","13","13","13"
"3","1677","1677","1677","18","18","18","1686","1686","1686","18","18","18","1703","1703","1703","18","18","18","1753","1753","1753","18","18","18","1696","1696","1696","18","18","18"
"4","1613","1613","1613","23","23","23","1676","1676","1676","23","23","23","1825","1825","1825","23","23","23","1623","1623","1623","23","23","23","1640","1640","1640","23","23","23"
"5","1562","1562","1562","28","28","28","1566","1566","1566","28","28","28","1622","1622","1622","28","28","28","1575","1575","1575","28","28","28","1622","1622","1622","28","28","28"
"6","1565","1565","1565","33","33","33","1569","1569","1569","33","33","33","1569","1569","1569","33","33","33","1573","1573","1573","33","33","33","1584","1584","1584","33","33","33"
"7","1574","1574","1574","38","38","38","1675","1675","1675","38","38","38","1561","1561","1561","38","38","38","1576","1576","1576","38","38","38","1568","1568","1568","38","38","38"
"8","1693","1693","1693","43","43","43","1701","1701","1701","43","43","43","1721","1721","1721","43","43","43","1670","1670","1670","43","43","43","1698","1698","1698","43","43","43"
"9","1572","1572","1572","48","48","48","1555","1555","1555","48","48","48","1705","1705","1705","48","48","48","1572","1572","1572","48","48","48","1596","1596","1596","48","48","48"
"10","1704","1704","1704","53","53","53","1702","1702","1702","53","53","53","1685","1685","1685","53","53","53","1729","1729","1729","53","53","53","1714","1714","1714","53","53","53"
"11","1714","1714","1714","58","58","58","1693","1693","1693","58","58","58","1713","1713","1713","58","58","58","1695","1695","1695","58","58","58","1716","1716","1716","58","58","58"
"12","1709","1709","1709","63","63","63","1698","1698","1698","63","63","63","1801","1801","1801","63","63","63","1710","1710","1710","63","63","63","1747","1747","1747","63","63","63"
"13","1573","1573","1573","68","68","68","1569","1569","1569","68","68","68","1671","1671","1671","68","68","68","1567","1567","1567","68","68","68","1567","1567","1567","68","68","68"
"14","1707","1707","1707","73","73","73","1703","1703","1703","73","73","73","1693","1693","1693","73","73","73","1799","1799","1799","73","73","73","1802","1802","1802","73","73","73"
"15","1614","1614","1614","78","78","78","1612","1612","1612","78","78","78","1670","1670","1670","78","78","78","1612","1612","1612","78","78","78","1683","1683","1683","78","78","78"
"16","1628","1628","1628","83","83","83","1588","1588","1588","83","83","83","1628","1628","1628","83","83","83","1572","1572","1572","83","83","83","1572","1572","1572","83","83","83"
"17","1589","1589","1589","88","88","88","1561","1561","1561","88","88","88","1625","1625","1625","88","88","88","1679","1679","1679","88","88","88","1568","1568","1568","88","88","88"
"18","1568","1568","1568","93","93","93","1562","1562","1562","93","93","93","1588","1588","1588","93","93","93","1554","1554","1554","93","93","93","1570","1570","1570","93","93","93"
"19","1568","1568","1568","98","98","98","1560","1560","1560","98","98","98","1557","1557","1557","98","98","98","1573","1573","1573","98","98","98","1550","1550","1550","98","98","98"
"20","1576","1576","1576","103","103","103","1628","1628","1628","103","103","103","1565","1565","1565","103","103","103","1553","1553","1553","103","103","103","1581","1581","1581","103","103","103"
"21","1701","1701","1701","108","108","108","1711","1711","1711","108","108","108","1693","1693","1693","108","108","108","1687","1687","1687","108","108","108","1691","1691","1691","108","108","108"
"22","1707","1707","1707","113","113","113","1676","1676","1676","113","113","113","1690","1690","1690","113","113","113","1710","1710","1710","113","113","113","1852","1852","1852","113","113","113"
"23","1564","1564","1564","118","118","118","1611","1611","1611","118","118","118","1547","1547","1547","118","118","118","1563","1563","1563","118","118","118","1567","1567","1567","118","118","118"
"24","1670","1670","1670","123","123","123","1709","1709","1709","123","123","123","1681","1681","1681","123","123","123","1688","1688","1688","123","123","123","1811","1811","1811","123","123","123"
"25","1566","1566","1566","128","128","128","1580","1580","1580","128","128","128","1568","1568","1568","128","128","128","1563","1563","1563","128","128","128","1681","1681","1681","128","128","128"
"26","1751","1751","1751","133","133","133","1678","1678","1678","133","133","133","1686","1686","1686","133","133","133","1701","1701","1701","133","133","133","1729","1729","1729","133","133","133"
"27","1757","1757","1757","138","138","138","1722","1722","1722","138","138","138","1702","1702","1702","138","138","138","1769","1769","1769","138","138","138","1757","1757","1757","138","138","138"
"28","1709","1709","1709","143","143","143","1766","1766","1766","143","143","143","1701","1701","1701","143","143","143","1676","1676","1676","143","143","143","1706","1706","1706","143","143","143"
"29","1855","1855","1855","148","148","148","1815","1815","1815","148","148","148","1689","1689","1689","148","148","148","1694","1694","1694","148","148","148","1708","1708","1708","148","148","148"
"30","1610","1610","1610","153","153","153","1667","1667","1667","153","153","153","1632","1632","1632","153","153","153","1634","1634","1634","153","153","153","1744","1744","1744","153","153","153"
"31","1589","1589","1589","158","158","158","1576","1576","1576","158","158","158","1598","1598","1598","158","158","158","1586","1586","1586","158","158","158","1567","1567","1567","158","158","158"
"32","1601","1601","1601","163","163","163","1610","1610","1610","163","163","163","1645","1645","1645","163","163","163","1665","1665","1665","163","163","163","1776","1776","1776","163","163","163"
"33","1689","1689","1689","168","168","168","1693","1693","1693","168","168","168","1684","1684","1684","168","168","168","1709","1709","1709","168","168","168","1699","1699","1699","168","168","168"
"34","1603","1603","1603","173","173","173","1669","1669","1669","173","173","173","1623","1623","1623","173","173","173","1642","1642","1642","173","173","173","1714","1714","1714","173","173","173"
"35","1559","1559","1559","178","178","178","1589","1589","1589","178","178","178","1576","1576","1576","178","178","178","1673","1673","1673","178","178","178","1577","1577","1577","178","178","178"
"36","1597","1597","1597","183","183","183","1687","1687","1687","183","183","183","1668","1668","1668","183","183","183","1568","1568","1568","183","183","183","1559","1559","1559","183","183","183"
"37","1679","1679","1679","188","188","188","1693","1693","1693","188","188","188","1715","1715","1715","188","188","188","1691","1691","1691","188","188","188","1668","1668","1668","188","188","188"
"38","1729","1729","1729","193","193","193","1609","1609","1609","193","193","193","1635","1635","1635","193","193","193","1601","1601","1601","193","193","193","1640","1640","1640","193","193","193"
"39","1598","1598","1598","198","198","198","1712","1712","1712","198","198","198","1718","1718","1718","198","198","198","1663","1663","1663","198","198","198","1628","1628","1628","198","198","198"
"40","1595","1595","1595","203","203","203","1612","1612","1612","203","203","203","1720","1720","1720","203","203","203","1724","1724","1724","203","203","203","1639","1639","1639","203","203","203"
"41","1556","1556","1556","208","208","208","1571","1571","1571","208","208","208","1568","1568","1568","208","208","208","1615","1615","1615","208","208","208","1554","1554","1554","208","208","208"
"42","1678","1678","1678","213","213","213","1579","1579","1579","213","213","213","1586","1586","1586","213","213","213","1668","1668","1668","213","213","213","1567","1567","1567","213","213","213"
"43","1693","1693","1693","218","218","218","1810","1810","1810","218","218","218","1613","1613","1613","218","218","218","1618","1618","1618","218","218","218","1597","1597","1597","218","218","218"
"44","1571","1571","1571","223","223","223","1574","1574","1574","223","223","223","1590","1590","1590","223","223","223","1636","1636","1636","223","223","223","1616","1616","1616","223","223","223"
"45","1577","1577","1577","228","228","228","1558","1558","1558","228","228","228","1674","1674","1674","228","228","228","1554","1554","1554","228","228","228","1573","1573","1573","228","228","228"
"46","1708","1708","1708","233","233","233","1622","1622","1622","233","233","233","1679","1679","1679","233","233","233","1623","1623","1623","233","233","233","1611","1611","1611","233","233","233"
"47","1558","1558","1558","238","238","238","1564","1564","1564","238","238","238","1562","1562","1562","238","238","238","1611","1611","1611","238","238","238","1567","1567","1567","238","238","238"
"48","1613","1613","1613","243","243","243","1632","1632","1632","243","243","243","1627","1627","1627","243","243","243","1619","1619","1619","243","243","243","1656","1656","1656","243","243","243"
"49","1629","1629","1629","248","248","248","1611","1611","1611","248","248","248","1642","1642","1642","248","248","248","1612","1612","1612","248","248","248","1620","1620","1620","248","248","248"
"50","1490","1490","1490","253","253","253","1518","1518","1518","253","253","253","1509","1509","1509","253","253","253","1652","1652","1652","253","253","253","1574","1574","1574","253","253","253"
"51","1492","1492","1492","258","258","258","1490","1490","1490","258","258","258","1452","1452","1452","258","258","258","1434","1434","1434","258","258","258","1428","1428","1428","258","258","258"
"52","1501","1501","1501","263","263","263","1459","1459","1459","263","263","263","1461","1461","1461","263","263","263","1463","1463","1463","263","263","263","1497","1497","1497","263","263","263"
"53","1513","1513","1513","268","268","268","1628","1628","1628","268","268","268","1541","1541","1541","268","268","268","1555","1555","1555","268","268","268","1627","1627","1627","268","268","268"
"54","1425","1425","1425","273","273","273","1436","1436","1436","273","273","273","1494","1494","1494","273","273","273","1485","1485","1485","273","273","273","1523","1523","1523","273","273","273"
"55","1628","1628","1628","278","278","278","1498","1498","1498","278","278","278","1594","1594","1594","278","278","278","1500","1500","1500","278","278","278","1522","1522","1522","278","278","278"
"56","1486","1486","1486","283","283","283","1473","1473","1473","283","283","283","1462","1462","1462","283","283","283","1459","1459","1459","283","283","283","1510","1510","1510","283","283","283"
"57","1534","1534","1534","288","288","288","1488","1488","1488","288","288","288","1482","1482","1482","288","288","288","1473","1473","1473","288","288","288","1432","1432","1432","288","288","288"
"58","1482","1482","1482","293","293","293","1450","1450","1450","293","293","293","1494","1494","1494","293","293","293","1457","1457","1457","293","293","293","1510","1510","1510","293","293","293"
"59","1512","1512","1512","298","298","298","1491","1491","1491","298","298","298","1599","1599","1599","298","298","298","1540","1540","1540","298","298","298","1634","1634","1634","298","298","298"
"60","1451","1451","1451","303","303","303","1454","1454","1454","303","303","303","1476","1476","1476","303","303","303","1493","1493","1493","303","303","303","1550","1550","1550","303","303","303"
"61","1520","1520","1520","308","308","308","1490","1490","1490","308","308","308","1761","1761","1761","308","308","308","1639","1639","1639","308","308","308","1633","1633","1633","308","308","308"
"62","1525","1525","1525","313","313","313","1607","1607","1607","313","313","313","1609","1609","1609","313","313","313","1601","1601","1601","313","313","313","1570","1570","1570","313","313","313"
"63","1466","1466","1466","318","318","318","1442","1442","1442","318","318","318","1454","1454","1454","318","318","318","1478","1478","1478","318","318","318","1495","1495","1495","318","318","318"
"64","1475","1475","1475","323","323","323","1515","1515","1515","323","323","323","1629","1629","1629","323","323","323","1645","1645","1645","323","323","323","1511","1511","1511","323","323","323"
"65","1467","1467","1467","328","328","328","1462","1462","1462","328","328","328","1469","1469","1469","328","328","328","1473","1473","1473","328","328","328","1469","1469","1469","328","328","328"
"66","1490","1490","1490","333","333","333","1519","1519","1519","333","333","333","1503","1503","1503","333","333","333","1533","1533","1533","333","333","333","1545","1545","1545","333","333","333"
"67","1466","1466","1466","338","338","338","1484","1484","1484","338","338","338","1464","1464","1464","338","338","338","1478","1478","1478","338","338","338","1459","1459","1459","338","338","338"
"68","1475","1475","1475","343","343","343","1484","1484","1484","343","343","343","1481","1481","1481","343","343","343","1448","1448","1448","343","343","343","1475","1475","1475","343","343","343"
"69","1531","1531","1531","348","348","348","1638","1638","1638","348","348","348","1583","1583","1583","348","348","348","1523","1523","1523","348","348","348","1562","1562","1562","348","348","348"
"70","1482","1482","1482","353","353","353","1449","1449","1449","353","353","353","1510","1510","1510","353","353","353","1478","1478","1478","353","353","353","1565","1565","1565","353","353","353"
"71","1451","1451","1451","358","358","358","1519","1519","1519","358","358","358","1444","1444","1444","358","358","358","1441","1441","1441","358","358","358","1478","1478","1478","358","358","358"
"72","1452","1452","1452","363","363","363","1476","1476","1476","363","363","363","1501","1501","1501","363","363","363","1474","1474","1474","363","363","363","1434","1434","1434","363","363","363"
"73","1484","1484","1484","368","368","368","1466","1466","1466","368","368","368","1500","1500","1500","368","368","368","1465","1465","1465","368","368","368","1461","1461","1461","368","368","368"
"74","1473","1473","1473","373","373","373","1447","1447","1447","373","373","373","1464","1464","1464","373","373","373","1453","1453","1453","373","373","373","1482","1482","1482","373","373","373"
"75","1455","1455","1455","378","378","378","1485","1485","1485","378","378","378","1431","1431","1431","378","378","378","1455","1455","1455","378","378","378","1476","1476","1476","378","378","378"
"76","1459","1459","1459","383","383","383","1495","1495","1495","383","383","383","1453","1453","1453","383","383","383","1456","1456","1456","383","383","383","1499","1499","1499","383","383","383"
"77","1434","1434","1434","388","388","388","1474","1474","1474","388","388","388","1545","1545","1545","388","388","388","1518","1518","1518","388","388","388","1494","1494","1494","388","388","388"
"78","1499","1499","1499","393","393","393","1504","1504","1504","393","393","393","1529","1529","1529","393","393","393","1581","1581","1581","393","393","393","1595","1595","1595","393","393","393"
"79","1438","1438","1438","398","398","398","1447","1447","1447","398","398","398","1524","1524","1524","398","398","398","1499","1499","1499","398","398","398","1467","1467","1467","398","398","398"
"80","1450","1450","1450","403","403","403","1478","1478","1478","403","403","403","1475","1475","1475","403","403","403","1425","1425","1425","403","403","403","1473","1473","1473","403","403","403"
"81","1485","1485","1485","408","408","408","1444","1444","1444","408","408","408","1481","1481","1481","408","408","408","1425","1425","1425","408","408","408","1488","1488","1488","408","408","408"
"82","1439","1439","1439","413","413","413","1487","1487","1487","413","413","413","1453","1453","1453","413","413","413","1456","1456","1456","413","413","413","1557","1557","1557","413","413","413"
"83","1479","1479","1479","418","418","418","1460","1460","1460","418","418","418","1460","1460","1460","418","418","418","1420","1420","1420","418","418","418","1476","1476","1476","418","418","418"
"84","1512","1512","1512","423","423","423","1488","1488","1488","423","423","423","1628","1628","1628","423","423","423","1644","1644","1644","423","423","423","1609","1609","1609","423","423","423"
"85","1439","1439","1439","428","428","428","1475","1475","1475","428","428","428","1459","1459","1459","428","428","428","1540","1540","1540","428","428","428","1518","1518","1518","428","428","428"
"86","1536","1536","1536","433","433","433","1620","1620","1620","433","433","433","1539","1539","1539","433","433","433","1592","1592","1592","433","433","433","1518","1518","1518","433","433","433"
"87","1592","1592","1592","438","438","438","1497","1497","1497","438","438","438","1523","1523","1523","438","438","438","1500","1500","1500","438","438","438","1547","1547","1547","438","438","438"
"88","1545","1545","1545","443","443","443","1633","1633","1633","443","443","443","1525","1525","1525","443","443","443","1537","1537","1537","443","443","443","1526","1526","1526","443","443","443"
"89","1464","1464","1464","448","448","448","1482","1482","1482","448","448","448","1479","1479","1479","448","448","448","1480","1480","1480","448","448","448","1496","1496","1496","448","448","448"
"90","1503","1503","1503","453","453","453","1520","1520","1520","453","453","453","1578","1578","1578","453","453","453","1579","1579","1579","453","453","453","1553","1553","1553","453","453","453"
"91","1542","1542","1542","458","458","458","1521","1521","1521","458","458","458","1525","1525","1525","458","458","458","1538","1538","1538","458","458","458","1631","1631","1631","458","458","458"
"92","1513","1513","1513","463","463","463","1484","1484","1484","463","463","463","1468","1468","1468","463","463","463","1455","1455","1455","463","463","463","1488","1488","1488","463","463","463"
"93","1496","1496","1496","468","468","468","1627","1627","1627","468","468","468","1593","1593","1593","468","468","468","1600","1600","1600","468","468","468","1493","1493","1493","468","468","468"
"94","1541","1541","1541","473","473","473","1628","1628","1628","473","473","473","1506","1506","1506","473","473","473","1563","1563","1563","473","473","473","1562","1562","1562","473","473","473"
"95","1464","1464","1464","478","478","478","1472","1472","1472","478","478","478","1467","1467","1467","478","478","478","1511","1511","1511","478","478","478","1457","1457","1457","478","478","478"
"96","1466","1466","1466","483","483","483","1462","1462","1462","483","483","483","1477","1477","1477","483","483","483","1487","1487","1487","483","483","483","1483","1483","1483","483","483","483"
"97","1484","1484","1484","488","488","488","1430","1430","1430","488","488","488","1442","1442","1442","488","488","488","1576","1576","1576","488","488","488","1433","1433","1433","488","488","488"
"98","1445","1445","1445","493","493","493","1496","1496","1496","493","493","493","1533","1533","1533","493","493","493","1522","1522","1522","493","493","493","1433","1433","1433","493","493","493"
"99","1489","1489","1489","498","498","498","1447","1447","1447","498","498","498","1449","1449","1449","498","498","498","1462","1462","1462","498","498","498","1483","1483","1483","498","498","498"
"100","1580","1580","1580","503","503","503","1627","1627","1627","503","503","503","1512","1512","1512","503","503","503","1612","1612","1612","503","503","503","1554","1554","1554","503","503","503"
"101","1589","1589","1589","508","508","508","1575","1575","1575","508","508","508","1564","1564","1564","508","508","508","1607","1607","1607","508","508","508","1562","1562","1562","508","508","508"
"102","1583","1583","1583","513","513","513","1594","1594","1594","513","513","513","1635","1635","1635","513","513","513","1603","1603","1603","513","513","513","1549","1549","1549","513","513","513"
"103","1546","1546","1546","518","518","518","1507","1507","1507","518","518","518","1546","1546","1546","518","518","518","1458","1458","1458","518","518","518","1533","1533","1533","518","518","518"
"104","1627","1627","1627","523","523","523","1642","1642","1642","523","523","523","1564","1564","1564","523","523","523","1641","1641","1641","523","523","523","1564","1564","1564","523","523","523"
"105","1516","1516","1516","528","528","528","1590","1590","1590","528","528","528","1475","1475","1475","528","528","528","1509","1509","1509","528","528","528","1470","1470","1470","528","528","528"
"106","1536","1536","1536","533","533","533","1494","1494","1494","533","533","533","1529","1529","1529","533","533","533","1494","1494","1494","533","533","533","1481","1481","1481","533","533","533"
"107","1457","1457","1457","538","538","538","1500","1500","1500","538","538","538","1486","1486","1486","538","538","538","1526","1526","1526","538","538","538","1499","1499","1499","538","538","538"
"108","1530","1530","1530","543","543","543","1505","1505","1505","543","543","543","1542","1542","1542","543","543","543","1509","1509","1509","543","543","543","1512","1512","1512","543","543","543"
"109","1467","1467","1467","548","548","548","1579","1579","1579","548","548","548","1524","1524","1524","548","548","548","1425","1425","1425","548","548","548","1580","1580","1580","548","548","548"
"110","1517","1517","1517","553","553","553","1482","1482","1482","553","553","553","1481","1481","1481","553","553","553","1544","1544","1544","553","553","553","1470","1470","1470","553","553","553"
"111","1569","1569","1569","558","558","558","1552","1552","1552","558","558","558","1583","1583","1583","558","558","558","1533","1533","1533","558","558","558","1469","1469","1469","558","558","558"
"112","1497","1497","1497","563","563","563","1474","1474","1474","563","563","563","1502","1502","1502","563","563","563","1511","1511","1511","563","563","563","1497","1497","1497","563","563","563"
"113","1519","1519","1519","568","568","568","1502","1502","1502","568","568","568","1540","1540","1540","568","568","568","1489","1489","1489","568","568","568","1527","1527","1527","568","568","568"
"114","1577","1577","1577","573","573","573","1580","1580","1580","573","573","573","1556","1556","1556","573","573","573","1656","1656","1656","573","573","573","1558","1558","1558","573","573","573"
"115","1642","1642","1642","578","578","578","1577","1577","1577","578","578","578","1648","1648","1648","578","578","578","1597","1597","1597","578","578","578","1657","1657","1657","578","578","578"
"116","1550","1550","1550","583","583","583","1576","1576","1576","583","583","583","1457","1457","1457","583","583","583","1554","1554","1554","583","583","583","1598","1598","1598","583","583","583"
"117","1485","1485","1485","588","588","588","1535","1535","1535","588","588","588","1468","1468","1468","588","588","588","1489","1489","1489","588","588","588","1557","1557","1557","588","588","588"
"118","1604","1604","1604","593","593","593","1666","1666","1666","593","593","593","1605","1605","1605","593","593","593","1577","1577","1577","593","593","593","1612","1612","1612","593","593","593"
"119","1458","1458","1458","598","598","598","1549","1549","1549","598","598","598","1441","1441","1441","598","598","598","1459","1459","1459","598","598","598","1526","1526","1526","598","598","598"
"120","1539","1539","1539","603","603","603","1529","1529","1529","603","603","603","1576","1576","1576","603","603","603","1517","1517","1517","603","603","603","1499","1499","1499","603","603","603"
"121","1675","1675","1675","608","608","608","1655","1655","1655","608","608","608","1621","1621","1621","608","608","608","1617","1617","1617","608","608","608","1574","1574","1574","608","608","608"
"122","1602","1602","1602","613","613","613","1469","1469","1469","613","613","613","1463","1463","1463","613","613","613","1511","1511","1511","613","613","613","1564","1564","1564","613","613","613"
"123","1587","1587","1587","618","618","618","1543","1543","1543","618","618","618","1526","1526","1526","618","618","618","1490","1490","1490","618","618","618","1507","1507","1507","618","618","618"
"124","1567","1567","1567","623","623","623","1605","1605","1605","623","623","623","1607","1607","1607","623","623","623","1563","1563","1563","623","623","623","1449","1449","1449","623","623","623"
"125","1515","1515","1515","628","628","628","1527","1527","1527","628","628","628","1504","1504","1504","628","628","628","1565","1565","1565","628","628","628","1498","1498","1498","628","628","628"
"126","1509","1509","1509","633","633","633","1512","1512","1512","633","633","633","1459","1459","1459","633","633","633","1535","1535","1535","633","633","633","1528","1528","1528","633","633","633"
"127","1562","1562","1562","638","638","638","1645","1645","1645","638","638","638","1619","1619","1619","638","638","638","1611","1611","1611","638","638","638","1645","1645","1645","638","638","638"
"128","1550","1550","1550","643","643","643","1634","1634","1634","643","643","643","1667","1667","1667","643","643","643","1651","1651","1651","643","643","643","1527","1527","1527","643","643","643"
"129","1648","1648","1648","648","648","648","1702","1702","1702","648","648","648","1549","1549","1549","648","648","648","1597","1597","1597","648","648","648","1678","1678","1678","648","648","648"
"130","1559","1559","1559","653","653","653","1449","1449","1449","653","653","653","1473","1473","1473","653","653","653","1571","1571","1571","653","653","653","1574","1574","1574","653","653","653"
"131","1619","1619","1619","658","658","658","1653","1653","1653","658","658","658","1522","1522","1522","658","658","658","1565","1565","1565","658","658","658","1527","1527","1527","658","658","658"
"132","1559","1559","1559","663","663","663","1598","1598","1598","663","663","663","1633","1633","1633","663","663","663","1619","1619","1619","663","663","663","1544","1544","1544","663","663","663"
"133","1555","1555","1555","668","668","668","1561","1561","1561","668","668","668","1585","1585","1585","668","668","668","1518","1518","1518","668","668","668","1560","1560","1560","668","668","668"
"134","1511","1511","1511","673","673","673","1613","1613","1613","673","673","673","1566","1566","1566","673","673","673","1549","1549","1549","673","673","673","1560","1560","1560","673","673","673"
"135","1461","1461","1461","678","678","678","1514","1514","1514","678","678","678","1565","1565","1565","678","678","678","1604","1604","1604","678","678","678","1550","1550","1550","678","678","678"
"136","1549","1549","1549","683","683","683","1569","1569","1569","683","683","683","1464","1464","1464","683","683","683","1522","1522","1522","683","683","683","1583","1583","1583","683","683","683"
"137","1521","1521","1521","688","688","688","1486","1486","1486","688","688","688","1528","1528","1528","688","688","688","1492","1492","1492","688","688","688","1481","1481","1481","688","688","688"
"138","1545","1545","1545","693","693","693","1479","1479","1479","693","693","693","1484","1484","1484","693","693","693","1522","1522","1522","693","693","693","1512","1512","1512","693","693","693"
"139","1586","1586","1586","698","698","698","1631","1631","1631","698","698","698","1554","1554","1554","698","698","698","1568","1568","1568","698","698","698","1569","1569","1569","698","698","698"
"140","1562","1562","1562","703","703","703","1565","1565","1565","703","703","703","1555","1555","1555","703","703","703","1492","1492","1492","703","703","703","1546","1546","1546","703","703","703"
"141","1480","1480","1480","708","708","708","1486","1486","1486","708","708","708","1501","1501","1501","708","708","708","1485","1485","1485","708","708","708","1462","1462","1462","708","708","708"
"142","1504","1504","1504","713","713","713","1511","1511","1511","713","713","713","1504","1504","1504","713","713","713","1519","1519","1519","713","713","713","1494","1494","1494","713","713","713"
"143","1478","1478","1478","718","718","718","1532","1532","1532","718","718","718","1466","1466","1466","718","718","718","1527","1527","1527","718","718","718","1521","1521","1521","718","718","718"
"144","1502","1502","1502","723","723","723","1505","1505","1505","723","723","723","1531","1531","1531","723","723","723","1537","1537","1537","723","723","723","1506","1506","1506","723","723","723"
"145","1650","1650","1650","728","728","728","1601","1601","1601","728","728","728","1505","1505","1505","728","728","728","1556","1556","1556","728","728","728","1531","1531","1531","728","728","728"
"146","1514","1514","1514","733","733","733","1481","1481","1481","733","733","733","1525","1525","1525","733","733","733","1480","1480","1480","733","733","733","1518","1518","1518","733","733","733"
"147","1524","1524","1524","738","738","738","1562","1562","1562","738","738","738","1568","1568","1568","738","738","738","1591","1591","1591","738","738","738","1590","1590","1590","738","738","738"
"148","1458","1458","1458","743","743","743","1440","1440","1440","743","743","743","1607","1607","1607","743","743","743","1569","1569","1569","743","743","743","1488","1488","1488","743","743","743"
"149","1602","1602","1602","748","748","748","1616","1616","1616","748","748","748","1576","1576","1576","748","748","748","1610","1610","1610","748","748","748","1560","1560","1560","748","748","748"
"150","1247","1247","1247","753","753","753","1102","1102","1102","753","753","753","1113","1113","1113","753","753","753","1097","1097","1097","753","753","753","1454","1454","1454","753","753","753"
"151","1078","1078","1078","758","758","758","1362","1362","1362","758","758","758","2499","2499","2499","758","758","758","2499","2499","2499","758","758","758","1073","1073","1073","758","758","758"
"152","1248","1248","1248","763","763","763","1521","1521","1521","763","763","763","1258","1258","1258","763","763","763","1074","1074","1074","763","763","763","1252","1252","1252","763","763","763"
"153","1114","1114","1114","768","768","768","1082","1082","1082","768","768","768","2499","2499","2499","768","768","768","1102","1102","1102","768","768","768","1097","1097","1097","768","768","768"
"154","1073","1073","1073","773","773","773","1369","1369","1369","773","773","773","1105","1105","1105","773","773","773","1083","1083","1083","773","773","773","1227","1227","1227","773","773","773"
"155","1077","1077","1077","778","778","778","1128","1128","1128","778","778","778","1110","1110","1110","778","778","778","1098","1098","1098","778","778","778","1082","1082","1082","778","778","778"
"156","1107","1107","1107","783","783","783","1106","1106","1106","783","783","783","1074","1074","1074","783","783","783","1105","1105","1105","783","783","783","1116","1116","1116","783","783","783"
"157","1103","1103","1103","788","788","788","1075","1075","1075","788","788","788","1076","1076","1076","788","788","788","1094","1094","1094","788","788","788","1096","1096","1096","788","788","788"
"158","2499","2499","2499","793","793","793","1099","1099","1099","793","793","793","1092","1092","1092","793","793","793","2499","2499","2499","795","795","795","1109","1109","1109","793","793","793"
"159","1098","1098","1098","798","798","798","1101","1101","1101","798","798","798","1426","1426","1426","798","798","798","1251","1251","1251","800","800","800","1465","1465","1465","798","798","798"
"160","1078","1078","1078","803","803","803","1232","1232","1232","803","803","803","1099","1099","1099","803","803","803","1095","1095","1095","805","805","805","1535","1535","1535","803","803","803"
"161","1094","1094","1094","808","808","808","1088","1088","1088","808","808","808","1114","1114","1114","808","808","808","1532","1532","1532","810","810","810","1525","1525","1525","808","808","808"
"162","1091","1091","1091","813","813","813","1106","1106","1106","813","813","813","1253","1253","1253","813","813","813","1078","1078","1078","815","815","815","2499","2499","2499","813","813","813"
"163","1439","1439","1439","818","818","818","1262","1262","1262","818","818","818","1079","1079","1079","818","818","818","2499","2499","2499","820","820","820","1093","1093","1093","818","818","818"
"164","1085","1085","1085","823","823","823","1077","1077","1077","823","823","823","1092","1092","1092","823","823","823","1100","1100","1100","825","825","825","1101","1101","1101","823","823","823"
"165","2499","2499","2499","828","828","828","1467","1467","1467","828","828","828","1539","1539","1539","828","828","828","1112","1112","1112","830","830","830","1098","1098","1098","828","828","828"
"166","1077","1077","1077","833","833","833","1542","1542","1542","833","833","833","1098","1098","1098","833","833","833","1111","1111","1111","835","835","835","1102","1102","1102","833","833","833"
"167","1252","1252","1252","838","838","838","1105","1105","1105","838","838","838","1075","1075","1075","838","838","838","1102","1102","1102","841","841","841","1103","1103","1103","839","839","839"
"168","1085","1085","1085","843","843","843","1249","1249","1249","843","843","843","1253","1253","1253","843","843","843","1104","1104","1104","846","846","846","1109","1109","1109","844","844","844"
"169","1079","1079","1079","848","848","848","2499","2499","2499","852","852","852","1110","1110","1110","848","848","848","1465","1465","1465","851","851","851","1101","1101","1101","849","849","849"
"170","1087","1087","1087","853","853","853","2499","2499","2499","857","857","857","1090","1090","1090","853","853","853","1082","1082","1082","856","856","856","1107","1107","1107","854","854","854"
"171","1099","1099","1099","858","858","858","1070","1070","1070","862","862","862","1266","1266","1266","858","858","858","1103","1103","1103","861","861","861","1101","1101","1101","859","859","859"
"172","1103","1103","1103","863","863","863","1108","1108","1108","867","867","867","1098","1098","1098","863","863","863","1252","1252","1252","866","866","866","1075","1075","1075","864","864","864"
"173","1089","1089","1089","868","868","868","1091","1091","1091","872","872","872","1099","1099","1099","868","868","868","1099","1099","1099","871","871","871","2499","2499","2499","869","869","869"
"174","1099","1099","1099","873","873","873","1116","1116","1116","877","877","877","1118","1118","1118","873","873","873","1091","1091","1091","876","876","876","1287","1287","1287","874","874","874"
"175","1098","1098","1098","878","878","878","1081","1081","1081","882","882","882","1112","1112","1112","878","878","878","1097","1097","1097","881","881","881","1088","1088","1088","879","879","879"
"176","1103","1103","1103","883","883","883","2499","2499","2499","887","887","887","1100","1100","1100","883","883","883","1103","1103","1103","886","886","886","1094","1094","1094","884","884","884"
"177","1092","1092","1092","888","888","888","1093","1093","1093","892","892","892","1103","1103","1103","888","888","888","1087","1087","1087","891","891","891","1535","1535","1535","889","889","889"
"178","1080","1080","1080","893","893","893","1073","1073","1073","897","897","897","1527","1527","1527","893","893","893","1116","1116","1116","896","896","896","1100","1100","1100","894","894","894"
"179","1088","1088","1088","898","898","898","1105","1105","1105","902","902","902","1109","1109","1109","899","899","899","1112","1112","1112","901","901","901","1258","1258","1258","899","899","899"
"180","1096","1096","1096","903","903","903","1097","1097","1097","907","907","907","1103","1103","1103","904","904","904","1069","1069","1069","906","906","906","1103","1103","1103","904","904","904"
"181","1534","1534","1534","908","908","908","1466","1466","1466","912","912","912","1103","1103","1103","909","909","909","1124","1124","1124","915","915","915","1087","1087","1087","909","909","909"
"182","1082","1082","1082","913","913","913","1100","1100","1100","917","917","917","1438","1438","1438","914","914","914","1092","1092","1092","920","920","920","1099","1099","1099","914","914","914"
"183","1105","1105","1105","918","918","918","2499","2499","2499","922","922","922","1247","1247","1247","919","919","919","2499","2499","2499","925","925","925","1111","1111","1111","919","919","919"
"184","1089","1089","1089","923","923","923","1529","1529","1529","927","927","927","2499","2499","2499","927","927","927","1225","1225","1225","930","930","930","1069","1069","1069","924","924","924"
"185","2499","2499","2499","928","928","928","1106","1106","1106","932","932","932","1109","1109","1109","932","932","932","1113","1113","1113","935","935","935","1526","1526","1526","929","929","929"
"186","1095","1095","1095","933","933","933","1141","1141","1141","937","937","937","1095","1095","1095","937","937","937","1092","1092","1092","940","940","940","1108","1108","1108","934","934","934"
"187","1097","1097","1097","938","938","938","1091","1091","1091","942","942","942","1251","1251","1251","942","942","942","1250","1250","1250","945","945","945","1093","1093","1093","939","939","939"
"188","1100","1100","1100","943","943","943","1092","1092","1092","947","947","947","1086","1086","1086","947","947","947","1082","1082","1082","950","950","950","1105","1105","1105","944","944","944"
"189","1257","1257","1257","948","948","948","1097","1097","1097","952","952","952","1457","1457","1457","952","952","952","1111","1111","1111","955","955","955","1240","1240","1240","949","949","949"
"190","1419","1419","1419","953","953","953","2499","2499","2499","957","957","957","1100","1100","1100","957","957","957","2499","2499","2499","960","960","960","1086","1086","1086","954","954","954"
"191","1089","1089","1089","958","958","958","1532","1532","1532","962","962","962","1111","1111","1111","962","962","962","1099","1099","1099","965","965","965","1099","1099","1099","959","959","959"
"192","2499","2499","2499","963","963","963","1081","1081","1081","967","967","967","1069","1069","1069","967","967","967","1096","1096","1096","970","970","970","1251","1251","1251","964","964","964"
"193","1107","1107","1107","968","968","968","1096","1096","1096","972","972","972","1097","1097","1097","972","972","972","1089","1089","1089","975","975","975","1444","1444","1444","969","969","969"
"194","1255","1255","1255","973","973","973","1094","1094","1094","977","977","977","1092","1092","1092","977","977","977","1097","1097","1097","981","981","981","1117","1117","1117","974","974","974"
"195","1107","1107","1107","978","978","978","2499","2499","2499","982","982","982","1096","1096","1096","982","982","982","1292","1292","1292","986","986","986","1103","1103","1103","979","979","979"
"196","1263","1263","1263","983","983","983","1101","1101","1101","987","987","987","1446","1446","1446","987","987","987","2499","2499","2499","991","991","991","1096","1096","1096","985","985","985"
"197","1101","1101","1101","988","988","988","1084","1084","1084","992","992","992","1075","1075","1075","992","992","992","1094","1094","1094","996","996","996","1162","1162","1162","990","990","990"
"198","1265","1265","1265","993","993","993","1255","1255","1255","997","997","997","1225","1225","1225","997","997","997","1104","1104","1104","1001","1001","1001","1117","1117","1117","995","995","995"
"199","1083","1083","1083","998","998","998","1100","1100","1100","1002","1002","1002","1248","1248","1248","1002","1002","1002","1115","1115","1115","1006","1006","1006","1103","1103","1103","1000","1000","1000"
"200","1168","1168","1168","1003","1003","1003","1191","1191","1191","1007","1007","1007","1226","1226","1226","1007","1007","1007","1211","1211","1211","1011","1011","1011","1173","1173","1173","1005","1005","1005"
"201","1178","1178","1178","1008","1008","1008","1208","1208","1208","1012","1012","1012","1185","1185","1185","1012","1012","1012","1173","1173","1173","1016","1016","1016","1194","1194","1194","1010","1010","1010"
"202","1181","1181","1181","1013","1013","1013","1181","1181","1181","1017","1017","1017","1201","1201","1201","1017","1017","1017","1202","1202","1202","1021","1021","1021","1197","1197","1197","1015","1015","1015"
"203","1169","1169","1169","1018","1018","1018","1026","1026","1026","1022","1022","1022","1182","1182","1182","1022","1022","1022","1216","1216","1216","1026","1026","1026","1189","1189","1189","1020","1020","1020"
"204","1212","1212","1212","1023","1023","1023","1230","1230","1230","1027","1027","1027","1202","1202","1202","1027","1027","1027","1157","1157","1157","1031","1031","1031","1201","1201","1201","1025","1025","1025"
"205","1169","1169","1169","1028","1028","1028","1173","1173","1173","1032","1032","1032","1161","1161","1161","1032","1032","1032","1187","1187","1187","1036","1036","1036","1185","1185","1185","1030","1030","1030"
"206","1207","1207","1207","1033","1033","1033","1183","1183","1183","1037","1037","1037","1181","1181","1181","1037","1037","1037","1221","1221","1221","1041","1041","1041","1232","1232","1232","1035","1035","1035"
"207","1166","1166","1166","1038","1038","1038","1165","1165","1165","1042","1042","1042","1189","1189","1189","1042","1042","1042","1198","1198","1198","1046","1046","1046","1189","1189","1189","1040","1040","1040"
"208","1193","1193","1193","1043","1043","1043","1171","1171","1171","1047","1047","1047","1181","1181","1181","1047","1047","1047","1170","1170","1170","1051","1051","1051","1188","1188","1188","1045","1045","1045"
"209","1154","1154","1154","1048","1048","1048","1177","1177","1177","1052","1052","1052","1168","1168","1168","1052","1052","1052","1115","1115","1115","1056","1056","1056","1215","1215","1215","1050","1050","1050"
"210","1073","1073","1073","1053","1053","1053","1234","1234","1234","1057","1057","1057","1188","1188","1188","1057","1057","1057","1026","1026","1026","1061","1061","1061","1181","1181","1181","1055","1055","1055"
"211","1208","1208","1208","1058","1058","1058","1213","1213","1213","1062","1062","1062","1216","1216","1216","1062","1062","1062","1180","1180","1180","1066","1066","1066","1178","1178","1178","1060","1060","1060"
"212","1170","1170","1170","1063","1063","1063","1171","1171","1171","1067","1067","1067","1199","1199","1199","1067","1067","1067","1168","1168","1168","1071","1071","1071","1207","1207","1207","1065","1065","1065"
"213","1192","1192","1192","1068","1068","1068","1198","1198","1198","1072","1072","1072","1189","1189","1189","1072","1072","1072","1195","1195","1195","1076","1076","1076","1181","1181","1181","1070","1070","1070"
"214","1213","1213","1213","1073","1073","1073","1216","1216","1216","1077","1077","1077","1188","1188","1188","1077","1077","1077","1198","1198","1198","1081","1081","1081","1195","1195","1195","1075","1075","1075"
"215","2499","2499","2499","1078","1078","1078","1205","1205","1205","1082","1082","1082","1209","1209","1209","1082","1082","1082","1177","1177","1177","1086","1086","1086","1196","1196","1196","1080","1080","1080"
"216","1172","1172","1172","1083","1083","1083","1173","1173","1173","1087","1087","1087","1172","1172","1172","1087","1087","1087","1177","1177","1177","1091","1091","1091","1165","1165","1165","1085","1085","1085"
"217","1174","1174","1174","1088","1088","1088","1184","1184","1184","1092","1092","1092","1229","1229","1229","1092","1092","1092","1219","1219","1219","1096","1096","1096","1201","1201","1201","1090","1090","1090"
"218","1218","1218","1218","1093","1093","1093","1192","1192","1192","1097","1097","1097","1202","1202","1202","1097","1097","1097","1216","1216","1216","1101","1101","1101","1203","1203","1203","1095","1095","1095"
"219","1222","1222","1222","1098","1098","1098","1182","1182","1182","1102","1102","1102","1154","1154","1154","1102","1102","1102","1180","1180","1180","1106","1106","1106","1182","1182","1182","1100","1100","1100"
"220","1180","1180","1180","1103","1103","1103","1185","1185","1185","1107","1107","1107","1166","1166","1166","1107","1107","1107","1197","1197","1197","1111","1111","1111","1209","1209","1209","1105","1105","1105"
"221","1184","1184","1184","1108","1108","1108","1206","1206","1206","1112","1112","1112","1240","1240","1240","1112","1112","1112","1159","1159","1159","1116","1116","1116","1174","1174","1174","1110","1110","1110"
"222","1179","1179","1179","1113","1113","1113","1229","1229","1229","1117","1117","1117","1177","1177","1177","1117","1117","1117","1166","1166","1166","1121","1121","1121","1159","1159","1159","1115","1115","1115"
"223","1198","1198","1198","1118","1118","1118","1200","1200","1200","1122","1122","1122","1211","1211","1211","1122","1122","1122","1223","1223","1223","1126","1126","1126","1221","1221","1221","1120","1120","1120"
"224","1178","1178","1178","1123","1123","1123","1247","1247","1247","1127","1127","1127","1197","1197","1197","1127","1127","1127","1178","1178","1178","1131","1131","1131","1192","1192","1192","1125","1125","1125"
"225","1192","1192","1192","1128","1128","1128","1179","1179","1179","1132","1132","1132","1194","1194","1194","1132","1132","1132","1189","1189","1189","1136","1136","1136","1216","1216","1216","1130","1130","1130"
"226","1169","1169","1169","1133","1133","1133","1194","1194","1194","1137","1137","1137","1202","1202","1202","1137","1137","1137","1183","1183","1183","1141","1141","1141","1179","1179","1179","1135","1135","1135"
"227","1121","1121","1121","1138","1138","1138","1199","1199","1199","1142","1142","1142","1204","1204","1204","1142","1142","1142","1193","1193","1193","1146","1146","1146","1194","1194","1194","1140","1140","1140"
"228","1160","1160","1160","1143","1143","1143","1181","1181","1181","1147","1147","1147","1200","1200","1200","1147","1147","1147","1211","1211","1211","1151","1151","1151","1205","1205","1205","1145","1145","1145"
"229","1199","1199","1199","1148","1148","1148","1191","1191","1191","1152","1152","1152","1216","1216","1216","1152","1152","1152","1194","1194","1194","1156","1156","1156","1192","1192","1192","1150","1150","1150"
"230","1170","1170","1170","1153","1153","1153","1162","1162","1162","1157","1157","1157","1174","1174","1174","1157","1157","1157","1175","1175","1175","1161","1161","1161","1199","1199","1199","1155","1155","1155"
"231","1177","1177","1177","1158","1158","1158","1181","1181","1181","1162","1162","1162","1176","1176","1176","1162","1162","1162","1177","1177","1177","1166","1166","1166","1188","1188","1188","1160","1160","1160"
"232","1185","1185","1185","1163","1163","1163","1199","1199","1199","1167","1167","1167","1191","1191","1191","1167","1167","1167","1173","1173","1173","1171","1171","1171","1210","1210","1210","1165","1165","1165"
"233","1222","1222","1222","1168","1168","1168","1198","1198","1198","1172","1172","1172","1154","1154","1154","1172","1172","1172","1195","1195","1195","1176","1176","1176","1177","1177","1177","1170","1170","1170"
"234","1202","1202","1202","1173","1173","1173","1205","1205","1205","1177","1177","1177","1169","1169","1169","1177","1177","1177","1198","1198","1198","1181","1181","1181","1161","1161","1161","1175","1175","1175"
"235","1214","1214","1214","1178","1178","1178","1190","1190","1190","1182","1182","1182","1196","1196","1196","1182","1182","1182","1211","1211","1211","1186","1186","1186","1186","1186","1186","1180","1180","1180"
"236","1189","1189","1189","1183","1183","1183","1194","1194","1194","1187","1187","1187","1223","1223","1223","1187","1187","1187","1202","1202","1202","1191","1191","1191","1202","1202","1202","1185","1185","1185"
"237","1190","1190","1190","1188","1188","1188","1213","1213","1213","1192","1192","1192","1199","1199","1199","1192","1192","1192","1190","1190","1190","1196","1196","1196","1156","1156","1156","1190","1190","1190"
"238","1163","1163","1163","1193","1193","1193","1189","1189","1189","1197","1197","1197","1182","1182","1182","1197","1197","1197","1200","1200","1200","1201","1201","1201","1197","1197","1197","1195","1195","1195"
"239","1106","1106","1106","1198","1198","1198","1186","1186","1186","1202","1202","1202","1177","1177","1177","1202","1202","1202","1163","1163","1163","1206","1206","1206","1204","1204","1204","1200","1200","1200"
"240","1217","1217","1217","1203","1203","1203","1163","1163","1163","1207","1207","1207","1210","1210","1210","1207","1207","1207","1169","1169","1169","1211","1211","1211","1203","1203","1203","1205","1205","1205"
"241","1123","1123","1123","1208","1208","1208","1172","1172","1172","1212","1212","1212","1176","1176","1176","1212","1212","1212","1189","1189","1189","1216","1216","1216","1210","1210","1210","1210","1210","1210"
"242","1204","1204","1204","1213","1213","1213","1154","1154","1154","1217","1217","1217","1244","1244","1244","1217","1217","1217","1179","1179","1179","1221","1221","1221","1200","1200","1200","1215","1215","1215"
"243","1194","1194","1194","1218","1218","1218","1172","1172","1172","1222","1222","1222","1114","1114","1114","1222","1222","1222","1192","1192","1192","1226","1226","1226","1196","1196","1196","1220","1220","1220"
"244","1170","1170","1170","1223","1223","1223","1182","1182","1182","1227","1227","1227","1160","1160","1160","1227","1227","1227","1185","1185","1185","1231","1231","1231","1184","1184","1184","1225","1225","1225"
"245","1175","1175","1175","1228","1228","1228","1185","1185","1185","1232","1232","1232","1167","1167","1167","1232","1232","1232","1169","1169","1169","1236","1236","1236","1176","1176","1176","1230","1230","1230"
"246","1192","1192","1192","1233","1233","1233","1212","1212","1212","1237","1237","1237","1192","1192","1192","1237","1237","1237","1199","1199","1199","1241","1241","1241","1197","1197","1197","1235","1235","1235"
"247","1198","1198","1198","1238","1238","1238","1203","1203","1203","1242","1242","1242","1099","1099","1099","1242","1242","1242","1207","1207","1207","1246","1246","1246","1170","1170","1170","1240","1240","1240"
"248","1216","1216","1216","1243","1243","1243","1220","1220","1220","1247","1247","1247","1232","1232","1232","1247","1247","1247","1183","1183","1183","1251","1251","1251","1197","1197","1197","1245","1245","1245"
"249","1176","1176","1176","1248","1248","1248","1165","1165","1165","1252","1252","1252","1200","1200","1200","1252","1252","1252","1199","1199","1199","1256","1256","1256","1170","1170","1170","1250","1250","1250"
"250","1194","1194","1194","1253","1253","1253","1158","1158","1158","1257","1257","1257","1162","1162","1162","1257","1257","1257","1171","1171","1171","1261","1261","1261","1167","1167","1167","1255","1255","1255"
"251","1162","1162","1162","1258","1258","1258","1158","1158","1158","1262","1262","1262","1160","1160","1160","1262","1262","1262","1176","1176","1176","1266","1266","1266","1181","1181","1181","1260","1260","1260"
"252","1180","1180","1180","1263","1263","1263","1161","1161","1161","1267","1267","1267","1163","1163","1163","1267","1267","1267","1180","1180","1180","1271","1271","1271","1172","1172","1172","1265","1265","1265"
"253","1162","1162","1162","1268","1268","1268","1165","1165","1165","1272","1272","1272","1181","1181","1181","1272","1272","1272","1158","1158","1158","1276","1276","1276","1179","1179","1179","1270","1270","1270"
"254","1164","1164","1164","1273","1273","1273","1167","1167","1167","1277","1277","1277","1188","1188","1188","1277","1277","1277","1171","1171","1171","1281","1281","1281","1161","1161","1161","1275","1275","1275"
"255","1171","1171","1171","1278","1278","1278","1164","1164","1164","1282","1282","1282","1168","1168","1168","1282","1282","1282","1158","1158","1158","1286","1286","1286","1166","1166","1166","1280","1280","1280"
"256","1164","1164","1164","1283","1283","1283","1176","1176","1176","1287","1287","1287","1164","1164","1164","1287","1287","1287","1174","1174","1174","1291","1291","1291","1189","1189","1189","1285","1285","1285"
"257","1171","1171","1171","1288","1288","1288","1175","1175","1175","1292","1292","1292","1187","1187","1187","1292","1292","1292","1190","1190","1190","1296","1296","1296","1172","1172","1172","1290","1290","1290"
"258","1180","1180","1180","1293","1293","1293","1153","1153","1153","1297","1297","1297","1160","1160","1160","1297","1297","1297","1172","1172","1172","1301","1301","1301","1158","1158","1158","1295","1295","1295"
"259","1183","1183","1183","1298","1298","1298","1175","1175","1175","1302","1302","1302","1172","1172","1172","1302","1302","1302","1183","1183","1183","1306","1306","1306","1189","1189","1189","1300","1300","1300"
"260","1177","1177","1177","1303","1303","1303","1157","1157","1157","1307","1307","1307","1178","1178","1178","1307","1307","1307","1189","1189","1189","1311","1311","1311","1166","1166","1166","1305","1305","1305"
"261","1169","1169","1169","1308","1308","1308","1161","1161","1161","1312","1312","1312","1181","1181","1181","1312","1312","1312","1189","1189","1189","1316","1316","1316","1160","1160","1160","1310","1310","1310"
"262","1158","1158","1158","1313","1313","1313","1173","1173","1173","1317","1317","1317","1183","1183","1183","1317","1317","1317","1195","1195","1195","1321","1321","1321","1164","1164","1164","1315","1315","1315"
"263","1159","1159","1159","1318","1318","1318","1168","1168","1168","1322","1322","1322","1166","1166","1166","1322","1322","1322","2499","2499","2499","1326","1326","1326","1166","1166","1166","1320","1320","1320"
"264","1166","1166","1166","1323","1323","1323","1169","1169","1169","1327","1327","1327","1167","1167","1167","1327","1327","1327","1174","1174","1174","1331","1331","1331","1170","1170","1170","1325","1325","1325"
"265","1193","1193","1193","1328","1328","1328","1168","1168","1168","1332","1332","1332","1165","1165","1165","1332","1332","1332","1174","1174","1174","1336","1336","1336","1162","1162","1162","1330","1330","1330"
"266","1171","1171","1171","1333","1333","1333","1161","1161","1161","1337","1337","1337","1169","1169","1169","1337","1337","1337","1189","1189","1189","1341","1341","1341","1187","1187","1187","1335","1335","1335"
"267","1159","1159","1159","1338","1338","1338","1179","1179","1179","1342","1342","1342","1164","1164","1164","1342","1342","1342","1173","1173","1173","1346","1346","1346","1153","1153","1153","1340","1340","1340"
"268","1161","1161","1161","1343","1343","1343","1172","1172","1172","1347","1347","1347","1161","1161","1161","1347","1347","1347","1162","1162","1162","1351","1351","1351","1173","1173","1173","1345","1345","1345"
"269","1165","1165","1165","1348","1348","1348","1166","1166","1166","1352","1352","1352","1165","1165","1165","1352","1352","1352","1191","1191","1191","1356","1356","1356","1169","1169","1169","1350","1350","1350"
"270","1181","1181","1181","1353","1353","1353","1163","1163","1163","1357","1357","1357","1167","1167","1167","1357","1357","1357","1162","1162","1162","1361","1361","1361","1175","1175","1175","1355","1355","1355"
"271","1163","1163","1163","1358","1358","1358","1181","1181","1181","1362","1362","1362","1169","1169","1169","1362","1362","1362","1176","1176","1176","1366","1366","1366","1163","1163","1163","1360","1360","1360"
"272","1163","1163","1163","1363","1363","1363","1164","1164","1164","1367","1367","1367","1160","1160","1160","1367","1367","1367","1186","1186","1186","1371","1371","1371","1176","1176","1176","1365","1365","1365"
"273","1164","1164","1164","1368","1368","1368","1173","1173","1173","1372","1372","1372","1179","1179","1179","1372","1372","1372","1163","1163","1163","1376","1376","1376","1159","1159","1159","1370","1370","1370"
"274","1169","1169","1169","1373","1373","1373","1182","1182","1182","1377","1377","1377","1164","1164","1164","1377","1377","1377","1159","1159","1159","1381","1381","1381","1170","1170","1170","1375","1375","1375"
"275","1203","1203","1203","1378","1378","1378","1155","1155","1155","1382","1382","1382","1168","1168","1168","1382","1382","1382","1200","1200","1200","1386","1386","1386","1173","1173","1173","1380","1380","1380"
"276","1156","1156","1156","1383","1383","1383","1174","1174","1174","1387","1387","1387","1175","1175","1175","1387","1387","1387","1199","1199","1199","1391","1391","1391","1171","1171","1171","1385","1385","1385"
"277","1184","1184","1184","1388","1388","1388","1164","1164","1164","1392","1392","1392","1168","1168","1168","1392","1392","1392","1178","1178","1178","1396","1396","1396","1169","1169","1169","1390","1390","1390"
"278","1173","1173","1173","1393","1393","1393","1183","1183","1183","1397","1397","1397","1170","1170","1170","1397","1397","1397","1181","1181","1181","1401","1401","1401","1175","1175","1175","1395","1395","1395"
"279","1207","1207","1207","1398","1398","1398","1169","1169","1169","1402","1402","1402","1185","1185","1185","1402","1402","1402","1168","1168","1168","1406","1406","1406","1179","1179","1179","1400","1400","1400"
"280","1192","1192","1192","1403","1403","1403","2499","2499","2499","1407","1407","1407","1178","1178","1178","1407","1407","1407","1177","1177","1177","1411","1411","1411","1175","1175","1175","1405","1405","1405"
"281","1173","1173","1173","1408","1408","1408","1162","1162","1162","1412","1412","1412","1174","1174","1174","1412","1412","1412","1158","1158","1158","1416","1416","1416","1168","1168","1168","1410","1410","1410"
"282","1188","1188","1188","1413","1413","1413","1159","1159","1159","1417","1417","1417","1164","1164","1164","1417","1417","1417","1174","1174","1174","1421","1421","1421","1203","1203","1203","1415","1415","1415"
"283","1180","1180","1180","1418","1418","1418","1169","1169","1169","1422","1422","1422","1160","1160","1160","1422","1422","1422","1166","1166","1166","1426","1426","1426","1207","1207","1207","1420","1420","1420"
"284","1201","1201","1201","1423","1423","1423","1154","1154","1154","1427","1427","1427","1175","1175","1175","1427","1427","1427","1160","1160","1160","1431","1431","1431","1167","1167","1167","1425","1425","1425"
"285","1192","1192","1192","1428","1428","1428","1169","1169","1169","1432","1432","1432","1182","1182","1182","1432","1432","1432","1169","1169","1169","1436","1436","1436","1170","1170","1170","1430","1430","1430"
"286","1164","1164","1164","1433","1433","1433","1181","1181","1181","1437","1437","1437","1179","1179","1179","1437","1437","1437","1171","1171","1171","1441","1441","1441","1199","1199","1199","1435","1435","1435"
"287","1168","1168","1168","1438","1438","1438","1154","1154","1154","1442","1442","1442","1177","1177","1177","1442","1442","1442","1177","1177","1177","1446","1446","1446","1165","1165","1165","1440","1440","1440"
"288","1188","1188","1188","1443","1443","1443","1172","1172","1172","1447","1447","1447","1174","1174","1174","1447","1447","1447","1153","1153","1153","1451","1451","1451","1164","1164","1164","1445","1445","1445"
"289","1161","1161","1161","1448","1448","1448","1180","1180","1180","1452","1452","1452","1149","1149","1149","1452","1452","1452","1164","1164","1164","1456","1456","1456","1167","1167","1167","1450","1450","1450"
"290","1173","1173","1173","1453","1453","1453","1173","1173","1173","1457","1457","1457","1181","1181","1181","1457","1457","1457","1175","1175","1175","1461","1461","1461","1172","1172","1172","1455","1455","1455"
"291","1181","1181","1181","1458","1458","1458","1168","1168","1168","1462","1462","1462","1167","1167","1167","1462","1462","1462","1164","1164","1164","1466","1466","1466","1165","1165","1165","1460","1460","1460"
"292","1159","1159","1159","1463","1463","1463","1158","1158","1158","1467","1467","1467","1174","1174","1174","1467","1467","1467","2499","2499","2499","1471","1471","1471","1166","1166","1166","1465","1465","1465"
"293","1159","1159","1159","1468","1468","1468","1181","1181","1181","1472","1472","1472","1173","1173","1173","1472","1472","1472","1164","1164","1164","1476","1476","1476","1181","1181","1181","1470","1470","1470"
"294","1188","1188","1188","1473","1473","1473","1141","1141","1141","1477","1477","1477","1164","1164","1164","1477","1477","1477","1165","1165","1165","1481","1481","1481","1161","1161","1161","1475","1475","1475"
"295","1158","1158","1158","1478","1478","1478","1167","1167","1167","1482","1482","1482","1161","1161","1161","1482","1482","1482","1164","1164","1164","1486","1486","1486","1176","1176","1176","1480","1480","1480"
"296","1185","1185","1185","1483","1483","1483","1169","1169","1169","1487","1487","1487","1182","1182","1182","1487","1487","1487","1159","1159","1159","1491","1491","1491","1156","1156","1156","1485","1485","1485"
"297","1181","1181","1181","1488","1488","1488","1180","1180","1180","1492","1492","1492","1168","1168","1168","1492","1492","1492","1187","1187","1187","1496","1496","1496","1165","1165","1165","1490","1490","1490"
"298","1169","1169","1169","1493","1493","1493","1167","1167","1167","1497","1497","1497","1174","1174","1174","1497","1497","1497","1164","1164","1164","1501","1501","1501","1175","1175","1175","1495","1495","1495"
"299","1172","1172","1172","1498","1498","1498","1164","1164","1164","1502","1502","1502","1166","1166","1166","1502","1502","1502","1165","1165","1165","1506","1506","1506","1180","1180","1180","1500","1500","1500"
"300","1070","1070","1070","1503","1503","1503","1107","1107","1107","1507","1507","1507","1073","1073","1073","1507","1507","1507","1140","1140","1140","1511","1511","1511","1041","1041","1041","1505","1505","1505"
"301","1080","1080","1080","1508","1508","1508","1062","1062","1062","1512","1512","1512","1072","1072","1072","1512","1512","1512","1045","1045","1045","1516","1516","1516","1070","1070","1070","1510","1510","1510"
"302","1258","1258","1258","1513","1513","1513","1032","1032","1032","1517","1517","1517","1073","1073","1073","1517","1517","1517","1106","1106","1106","1521","1521","1521","1074","1074","1074","1515","1515","1515"
"303","1042","1042","1042","1518","1518","1518","1084","1084","1084","1522","1522","1522","1055","1055","1055","1522","1522","1522","1074","1074","1074","1526","1526","1526","1041","1041","1041","1520","1520","1520"
"304","1051","1051","1051","1523","1523","1523","1251","1251","1251","1527","1527","1527","1045","1045","1045","1527","1527","1527","1056","1056","1056","1531","1531","1531","1048","1048","1048","1525","1525","1525"
"305","1128","1128","1128","1528","1528","1528","1049","1049","1049","1532","1532","1532","1047","1047","1047","1532","1532","1532","1071","1071","1071","1536","1536","1536","1050","1050","1050","1530","1530","1530"
"306","1067","1067","1067","1533","1533","1533","1133","1133","1133","1537","1537","1537","1061","1061","1061","1537","1537","1537","1259","1259","1259","1541","1541","1541","1161","1161","1161","1535","1535","1535"
"307","1124","1124","1124","1538","1538","1538","1052","1052","1052","1542","1542","1542","1065","1065","1065","1542","1542","1542","1111","1111","1111","1546","1546","1546","1046","1046","1046","1540","1540","1540"
"308","1049","1049","1049","1543","1543","1543","1044","1044","1044","1547","1547","1547","1098","1098","1098","1547","1547","1547","1043","1043","1043","1551","1551","1551","1058","1058","1058","1545","1545","1545"
"309","1042","1042","1042","1548","1548","1548","1054","1054","1054","1552","1552","1552","1055","1055","1055","1552","1552","1552","1053","1053","1053","1556","1556","1556","1056","1056","1056","1550","1550","1550"
"310","1051","1051","1051","1553","1553","1553","1050","1050","1050","1557","1557","1557","1065","1065","1065","1557","1557","1557","1069","1069","1069","1561","1561","1561","1063","1063","1063","1555","1555","1555"
"311","1096","1096","1096","1558","1558","1558","1072","1072","1072","1562","1562","1562","1051","1051","1051","1562","1562","1562","1129","1129","1129","1566","1566","1566","1047","1047","1047","1560","1560","1560"
"312","1255","1255","1255","1563","1563","1563","1037","1037","1037","1567","1567","1567","1066","1066","1066","1567","1567","1567","1073","1073","1073","1571","1571","1571","1040","1040","1040","1565","1565","1565"
"313","1149","1149","1149","1568","1568","1568","1266","1266","1266","1572","1572","1572","1082","1082","1082","1572","1572","1572","1074","1074","1074","1576","1576","1576","1161","1161","1161","1570","1570","1570"
"314","1040","1040","1040","1573","1573","1573","1163","1163","1163","1577","1577","1577","1047","1047","1047","1577","1577","1577","1029","1029","1029","1581","1581","1581","1165","1165","1165","1575","1575","1575"
"315","1044","1044","1044","1578","1578","1578","1255","1255","1255","1582","1582","1582","1091","1091","1091","1582","1582","1582","1055","1055","1055","1586","1586","1586","1085","1085","1085","1580","1580","1580"
"316","1044","1044","1044","1583","1583","1583","1040","1040","1040","1587","1587","1587","1054","1054","1054","1587","1587","1587","1253","1253","1253","1591","1591","1591","1067","1067","1067","1585","1585","1585"
"317","1095","1095","1095","1588","1588","1588","1107","1107","1107","1592","1592","1592","1077","1077","1077","1592","1592","1592","1042","1042","1042","1596","1596","1596","1071","1071","1071","1590","1590","1590"
"318","1057","1057","1057","1593","1593","1593","1061","1061","1061","1597","1597","1597","1051","1051","1051","1597","1597","1597","1083","1083","1083","1601","1601","1601","1064","1064","1064","1595","1595","1595"
"319","1162","1162","1162","1598","1598","1598","1252","1252","1252","1602","1602","1602","1066","1066","1066","1602","1602","1602","1054","1054","1054","1606","1606","1606","1079","1079","1079","1600","1600","1600"
"320","1066","1066","1066","1603","1603","1603","1090","1090","1090","1607","1607","1607","1054","1054","1054","1607","1607","1607","1041","1041","1041","1611","1611","1611","1067","1067","1067","1605","1605","1605"
"321","1054","1054","1054","1608","1608","1608","1041","1041","1041","1612","1612","1612","1131","1131","1131","1612","1612","1612","1035","1035","1035","1616","1616","1616","1074","1074","1074","1610","1610","1610"
"322","1153","1153","1153","1613","1613","1613","1057","1057","1057","1617","1617","1617","1062","1062","1062","1617","1617","1617","1040","1040","1040","1621","1621","1621","1131","1131","1131","1615","1615","1615"
"323","1056","1056","1056","1618","1618","1618","1059","1059","1059","1622","1622","1622","1060","1060","1060","1622","1622","1622","1082","1082","1082","1626","1626","1626","1108","1108","1108","1620","1620","1620"
"324","1051","1051","1051","1623","1623","1623","1148","1148","1148","1627","1627","1627","1256","1256","1256","1627","1627","1627","1088","1088","1088","1631","1631","1631","1041","1041","1041","1625","1625","1625"
"325","1051","1051","1051","1628","1628","1628","1055","1055","1055","1632","1632","1632","1054","1054","1054","1632","1632","1632","1046","1046","1046","1636","1636","1636","1161","1161","1161","1630","1630","1630"
"326","1064","1064","1064","1633","1633","1633","1250","1250","1250","1637","1637","1637","1045","1045","1045","1637","1637","1637","1039","1039","1039","1641","1641","1641","1111","1111","1111","1635","1635","1635"
"327","1038","1038","1038","1638","1638","1638","1050","1050","1050","1642","1642","1642","1044","1044","1044","1642","1642","1642","1070","1070","1070","1646","1646","1646","1052","1052","1052","1640","1640","1640"
"328","1040","1040","1040","1643","1643","1643","1045","1045","1045","1647","1647","1647","1074","1074","1074","1647","1647","1647","1071","1071","1071","1651","1651","1651","1043","1043","1043","1645","1645","1645"
"329","1069","1069","1069","1648","1648","1648","1080","1080","1080","1652","1652","1652","1063","1063","1063","1652","1652","1652","1050","1050","1050","1656","1656","1656","1084","1084","1084","1650","1650","1650"
"330","1058","1058","1058","1653","1653","1653","1041","1041","1041","1657","1657","1657","1072","1072","1072","1657","1657","1657","1150","1150","1150","1661","1661","1661","1049","1049","1049","1655","1655","1655"
"331","1065","1065","1065","1658","1658","1658","1050","1050","1050","1662","1662","1662","1068","1068","1068","1662","1662","1662","1070","1070","1070","1666","1666","1666","1042","1042","1042","1660","1660","1660"
"332","1260","1260","1260","1663","1663","1663","1044","1044","1044","1667","1667","1667","1073","1073","1073","1667","1667","1667","1069","1069","1069","1671","1671","1671","1037","1037","1037","1665","1665","1665"
"333","1088","1088","1088","1668","1668","1668","1060","1060","1060","1672","1672","1672","1076","1076","1076","1672","1672","1672","1081","1081","1081","1676","1676","1676","1071","1071","1071","1670","1670","1670"
"334","1102","1102","1102","1673","1673","1673","1043","1043","1043","1677","1677","1677","1060","1060","1060","1677","1677","1677","1055","1055","1055","1681","1681","1681","1080","1080","1080","1675","1675","1675"
"335","1250","1250","1250","1678","1678","1678","1080","1080","1080","1682","1682","1682","1032","1032","1032","1682","1682","1682","1047","1047","1047","1686","1686","1686","1039","1039","1039","1680","1680","1680"
"336","1069","1069","1069","1683","1683","1683","1136","1136","1136","1687","1687","1687","1037","1037","1037","1687","1687","1687","1058","1058","1058","1691","1691","1691","1041","1041","1041","1685","1685","1685"
"337","1043","1043","1043","1688","1688","1688","1072","1072","1072","1692","1692","1692","1157","1157","1157","1692","1692","1692","1056","1056","1056","1696","1696","1696","1053","1053","1053","1690","1690","1690"
"338","1053","1053","1053","1693","1693","1693","1155","1155","1155","1697","1697","1697","1132","1132","1132","1697","1697","1697","1035","1035","1035","1701","1701","1701","1046","1046","1046","1695","1695","1695"
"339","1037","1037","1037","1698","1698","1698","1146","1146","1146","1702","1702","1702","1255","1255","1255","1702","1702","1702","1145","1145","1145","1706","1706","1706","1070","1070","1070","1700","1700","1700"
"340","1041","1041","1041","1703","1703","1703","1057","1057","1057","1707","1707","1707","1047","1047","1047","1707","1707","1707","1050","1050","1050","1711","1711","1711","1043","1043","1043","1705","1705","1705"
"341","1150","1150","1150","1708","1708","1708","1057","1057","1057","1712","1712","1712","1053","1053","1053","1712","1712","1712","1078","1078","1078","1716","1716","1716","1159","1159","1159","1710","1710","1710"
"342","1069","1069","1069","1713","1713","1713","1107","1107","1107","1717","1717","1717","1072","1072","1072","1717","1717","1717","1113","1113","1113","1721","1721","1721","1041","1041","1041","1715","1715","1715"
"343","1036","1036","1036","1718","1718","1718","1090","1090","1090","1722","1722","1722","1046","1046","1046","1722","1722","1722","1257","1257","1257","1726","1726","1726","1072","1072","1072","1720","1720","1720"
"344","1218","1218","1218","1723","1723","1723","1075","1075","1075","1727","1727","1727","1258","1258","1258","1727","1727","1727","1054","1054","1054","1731","1731","1731","1040","1040","1040","1725","1725","1725"
"345","1070","1070","1070","1728","1728","1728","1077","1077","1077","1732","1732","1732","1104","1104","1104","1732","1732","1732","1125","1125","1125","1736","1736","1736","1073","1073","1073","1730","1730","1730"
"346","1072","1072","1072","1733","1733","1733","1060","1060","1060","1737","1737","1737","1070","1070","1070","1737","1737","1737","1063","1063","1063","1741","1741","1741","1048","1048","1048","1735","1735","1735"
"347","1072","1072","1072","1738","1738","1738","1043","1043","1043","1742","1742","1742","1046","1046","1046","1742","1742","1742","1073","1073","1073","1746","1746","1746","1053","1053","1053","1740","1740","1740"
"348","1074","1074","1074","1743","1743","1743","1050","1050","1050","1747","1747","1747","1065","1065","1065","1747","1747","1747","1259","1259","1259","1751","1751","1751","1071","1071","1071","1745","1745","1745"
"349","1043","1043","1043","1748","1748","1748","1050","1050","1050","1752","1752","1752","1059","1059","1059","1752","1752","1752","1083","1083","1083","1756","1756","1756","1076","1076","1076","1750","1750","1750"
"350","1116","1116","1116","1753","1753","1753","1138","1138","1138","1757","1757","1757","1124","1124","1124","1757","1757","1757","1157","1157","1157","1761","1761","1761","1116","1116","1116","1755","1755","1755"
"351","1146","1146","1146","1758","1758","1758","1154","1154","1154","1762","1762","1762","1144","1144","1144","1762","1762","1762","1138","1138","1138","1766","1766","1766","1144","1144","1144","1760","1760","1760"
"352","1155","1155","1155","1763","1763","1763","1112","1112","1112","1767","1767","1767","1138","1138","1138","1767","1767","1767","989","989","989","1771","1771","1771","1112","1112","1112","1765","1765","1765"
"353","1137","1137","1137","1768","1768","1768","1127","1127","1127","1772","1772","1772","1155","1155","1155","1772","1772","1772","1139","1139","1139","1776","1776","1776","1142","1142","1142","1770","1770","1770"
"354","1107","1107","1107","1773","1773","1773","1125","1125","1125","1777","1777","1777","1119","1119","1119","1777","1777","1777","1008","1008","1008","1781","1781","1781","1113","1113","1113","1775","1775","1775"
"355","1141","1141","1141","1778","1778","1778","922","922","922","1782","1782","1782","1142","1142","1142","1782","1782","1782","1156","1156","1156","1786","1786","1786","945","945","945","1780","1780","1780"
"356","1104","1104","1104","1783","1783","1783","1119","1119","1119","1787","1787","1787","1148","1148","1148","1787","1787","1787","946","946","946","1791","1791","1791","1141","1141","1141","1785","1785","1785"
"357","1139","1139","1139","1788","1788","1788","1113","1113","1113","1792","1792","1792","1162","1162","1162","1792","1792","1792","1121","1121","1121","1796","1796","1796","902","902","902","1790","1790","1790"
"358","1127","1127","1127","1793","1793","1793","1138","1138","1138","1797","1797","1797","1143","1143","1143","1797","1797","1797","1122","1122","1122","1801","1801","1801","947","947","947","1795","1795","1795"
"359","1130","1130","1130","1798","1798","1798","1151","1151","1151","1802","1802","1802","1111","1111","1111","1802","1802","1802","1134","1134","1134","1806","1806","1806","1144","1144","1144","1800","1800","1800"
"360","1143","1143","1143","1803","1803","1803","1119","1119","1119","1807","1807","1807","1149","1149","1149","1807","1807","1807","922","922","922","1811","1811","1811","1157","1157","1157","1805","1805","1805"
"361","1127","1127","1127","1808","1808","1808","1135","1135","1135","1812","1812","1812","1123","1123","1123","1812","1812","1812","1137","1137","1137","1816","1816","1816","1120","1120","1120","1810","1810","1810"
"362","1127","1127","1127","1813","1813","1813","998","998","998","1817","1817","1817","995","995","995","1817","1817","1817","1164","1164","1164","1821","1821","1821","1120","1120","1120","1815","1815","1815"
"363","1147","1147","1147","1818","1818","1818","1145","1145","1145","1822","1822","1822","1148","1148","1148","1822","1822","1822","1142","1142","1142","1826","1826","1826","1149","1149","1149","1820","1820","1820"
"364","1146","1146","1146","1823","1823","1823","1121","1121","1121","1827","1827","1827","1130","1130","1130","1827","1827","1827","1150","1150","1150","1831","1831","1831","1157","1157","1157","1825","1825","1825"
"365","1142","1142","1142","1828","1828","1828","1132","1132","1132","1832","1832","1832","1117","1117","1117","1832","1832","1832","1121","1121","1121","1836","1836","1836","1152","1152","1152","1830","1830","1830"
"366","1151","1151","1151","1833","1833","1833","1145","1145","1145","1837","1837","1837","1151","1151","1151","1837","1837","1837","1144","1144","1144","1841","1841","1841","1124","1124","1124","1835","1835","1835"
"367","982","982","982","1838","1838","1838","1149","1149","1149","1842","1842","1842","1144","1144","1144","1842","1842","1842","1150","1150","1150","1846","1846","1846","1156","1156","1156","1840","1840","1840"
"368","1144","1144","1144","1843","1843","1843","1131","1131","1131","1847","1847","1847","1111","1111","1111","1847","1847","1847","1137","1137","1137","1851","1851","1851","1151","1151","1151","1845","1845","1845"
"369","1142","1142","1142","1848","1848","1848","1140","1140","1140","1852","1852","1852","1145","1145","1145","1852","1852","1852","1122","1122","1122","1856","1856","1856","1113","1113","1113","1850","1850","1850"
"370","1143","1143","1143","1853","1853","1853","1139","1139","1139","1857","1857","1857","1117","1117","1117","1857","1857","1857","1145","1145","1145","1861","1861","1861","1119","1119","1119","1855","1855","1855"
"371","1143","1143","1143","1858","1858","1858","1139","1139","1139","1862","1862","1862","1157","1157","1157","1862","1862","1862","1132","1132","1132","1866","1866","1866","1105","1105","1105","1860","1860","1860"
"372","1138","1138","1138","1863","1863","1863","938","938","938","1867","1867","1867","1149","1149","1149","1867","1867","1867","1142","1142","1142","1871","1871","1871","1126","1126","1126","1865","1865","1865"
"373","1146","1146","1146","1868","1868","1868","1140","1140","1140","1872","1872","1872","1124","1124","1124","1872","1872","1872","1131","1131","1131","1876","1876","1876","1140","1140","1140","1870","1870","1870"
"374","1145","1145","1145","1873","1873","1873","987","987","987","1877","1877","1877","1140","1140","1140","1877","1877","1877","1156","1156","1156","1881","1881","1881","1132","1132","1132","1875","1875","1875"
"375","1147","1147","1147","1878","1878","1878","1141","1141","1141","1882","1882","1882","1116","1116","1116","1882","1882","1882","1106","1106","1106","1886","1886","1886","1130","1130","1130","1880","1880","1880"
"376","1140","1140","1140","1883","1883","1883","1142","1142","1142","1887","1887","1887","1161","1161","1161","1887","1887","1887","1109","1109","1109","1891","1891","1891","1145","1145","1145","1885","1885","1885"
"377","1118","1118","1118","1888","1888","1888","1144","1144","1144","1892","1892","1892","1160","1160","1160","1892","1892","1892","1143","1143","1143","1896","1896","1896","1131","1131","1131","1890","1890","1890"
"378","1131","1131","1131","1893","1893","1893","1136","1136","1136","1897","1897","1897","1133","1133","1133","1897","1897","1897","1150","1150","1150","1901","1901","1901","1134","1134","1134","1895","1895","1895"
"379","1151","1151","1151","1898","1898","1898","1124","1124","1124","1902","1902","1902","1145","1145","1145","1902","1902","1902","1141","1141","1141","1906","1906","1906","1150","1150","1150","1900","1900","1900"
"380","1140","1140","1140","1903","1903","1903","1144","1144","1144","1907","1907","1907","1131","1131","1131","1907","1907","1907","1155","1155","1155","1911","1911","1911","1158","1158","1158","1905","1905","1905"
"381","1138","1138","1138","1908","1908","1908","1135","1135","1135","1912","1912","1912","1146","1146","1146","1912","1912","1912","1146","1146","1146","1916","1916","1916","1145","1145","1145","1910","1910","1910"
"382","1104","1104","1104","1913","1913","1913","1144","1144","1144","1917","1917","1917","1113","1113","1113","1917","1917","1917","1139","1139","1139","1921","1921","1921","1123","1123","1123","1915","1915","1915"
"383","1121","1121","1121","1918","1918","1918","1127","1127","1127","1922","1922","1922","1121","1121","1121","1922","1922","1922","1142","1142","1142","1926","1926","1926","1121","1121","1121","1920","1920","1920"
"384","1149","1149","1149","1923","1923","1923","963","963","963","1927","1927","1927","1131","1131","1131","1927","1927","1927","1138","1138","1138","1931","1931","1931","1144","1144","1144","1925","1925","1925"
"385","1138","1138","1138","1928","1928","1928","1126","1126","1126","1932","1932","1932","1175","1175","1175","1932","1932","1932","1138","1138","1138","1936","1936","1936","1160","1160","1160","1930","1930","1930"
"386","1117","1117","1117","1933","1933","1933","1145","1145","1145","1937","1937","1937","1142","1142","1142","1937","1937","1937","1121","1121","1121","1941","1941","1941","1136","1136","1136","1935","1935","1935"
"387","1165","1165","1165","1938","1938","1938","933","933","933","1942","1942","1942","1100","1100","1100","1942","1942","1942","1112","1112","1112","1946","1946","1946","944","944","944","1940","1940","1940"
"388","1114","1114","1114","1943","1943","1943","1149","1149","1149","1947","1947","1947","1145","1145","1145","1947","1947","1947","1142","1142","1142","1951","1951","1951","1134","1134","1134","1945","1945","1945"
"389","1146","1146","1146","1948","1948","1948","1162","1162","1162","1952","1952","1952","1136","1136","1136","1952","1952","1952","1140","1140","1140","1956","1956","1956","1134","1134","1134","1950","1950","1950"
"390","980","980","980","1953","1953","1953","976","976","976","1957","1957","1957","928","928","928","1957","1957","1957","1141","1141","1141","1961","1961","1961","1143","1143","1143","1955","1955","1955"
"391","1159","1159","1159","1958","1958","1958","1104","1104","1104","1962","1962","1962","1157","1157","1157","1962","1962","1962","1130","1130","1130","1966","1966","1966","1152","1152","1152","1960","1960","1960"
"392","1117","1117","1117","1963","1963","1963","982","982","982","1967","1967","1967","1108","1108","1108","1967","1967","1967","978","978","978","1971","1971","1971","1133","1133","1133","1965","1965","1965"
"393","1148","1148","1148","1968","1968","1968","1147","1147","1147","1972","1972","1972","1135","1135","1135","1972","1972","1972","1141","1141","1141","1976","1976","1976","1117","1117","1117","1970","1970","1970"
"394","1115","1115","1115","1973","1973","1973","943","943","943","1977","1977","1977","1116","1116","1116","1977","1977","1977","1142","1142","1142","1981","1981","1981","1141","1141","1141","1975","1975","1975"
"395","1108","1108","1108","1978","1978","1978","1158","1158","1158","1982","1982","1982","1168","1168","1168","1982","1982","1982","1115","1115","1115","1986","1986","1986","1122","1122","1122","1980","1980","1980"
"396","1147","1147","1147","1983","1983","1983","1128","1128","1128","1987","1987","1987","1150","1150","1150","1987","1987","1987","1131","1131","1131","1991","1991","1991","1141","1141","1141","1985","1985","1985"
"397","1127","1127","1127","1988","1988","1988","1129","1129","1129","1992","1992","1992","1152","1152","1152","1992","1992","1992","1149","1149","1149","1996","1996","1996","1127","1127","1127","1990","1990","1990"
"398","1147","1147","1147","1993","1993","1993","945","945","945","1997","1997","1997","1134","1134","1134","1997","1997","1997","1135","1135","1135","2001","2001","2001","1129","1129","1129","1995","1995","1995"
"399","1113","1113","1113","1998","1998","1998","1148","1148","1148","2002","2002","2002","1103","1103","1103","2002","2002","2002","986","986","986","2006","2006","2006","1138","1138","1138","2000","2000","2000"
"400","1133","1133","1133","2003","2003","2003","1144","1144","1144","2007","2007","2007","1144","1144","1144","2007","2007","2007","1132","1132","1132","2011","2011","2011","1152","1152","1152","2005","2005","2005"
"401","1140","1140","1140","2008","2008","2008","1122","1122","1122","2012","2012","2012","1158","1158","1158","2012","2012","2012","1154","1154","1154","2016","2016","2016","1166","1166","1166","2010","2010","2010"
"402","1148","1148","1148","2013","2013","2013","1139","1139","1139","2017","2017","2017","1155","1155","1155","2017","2017","2017","1159","1159","1159","2021","2021","2021","1143","1143","1143","2015","2015","2015"
"403","992","992","992","2018","2018","2018","1140","1140","1140","2022","2022","2022","1156","1156","1156","2022","2022","2022","1157","1157","1157","2026","2026","2026","1098","1098","1098","2020","2020","2020"
"404","1135","1135","1135","2023","2023","2023","1158","1158","1158","2027","2027","2027","1143","1143","1143","2027","2027","2027","1137","1137","1137","2031","2031","2031","1150","1150","1150","2025","2025","2025"
"405","1146","1146","1146","2028","2028","2028","1142","1142","1142","2032","2032","2032","1156","1156","1156","2032","2032","2032","1154","1154","1154","2036","2036","2036","1151","1151","1151","2030","2030","2030"
"406","1005","1005","1005","2033","2033","2033","1149","1149","1149","2037","2037","2037","1150","1150","1150","2037","2037","2037","1174","1174","1174","2041","2041","2041","1153","1153","1153","2035","2035","2035"
"407","1118","1118","1118","2038","2038","2038","1122","1122","1122","2042","2042","2042","1141","1141","1141","2042","2042","2042","1142","1142","1142","2046","2046","2046","1159","1159","1159","2040","2040","2040"
"408","1159","1159","1159","2043","2043","2043","992","992","992","2047","2047","2047","1163","1163","1163","2047","2047","2047","1146","1146","1146","2051","2051","2051","1170","1170","1170","2045","2045","2045"
"409","1144","1144","1144","2048","2048","2048","1159","1159","1159","2052","2052","2052","1152","1152","1152","2052","2052","2052","1154","1154","1154","2056","2056","2056","1158","1158","1158","2050","2050","2050"
"410","1126","1126","1126","2053","2053","2053","1143","1143","1143","2057","2057","2057","1172","1172","1172","2057","2057","2057","1148","1148","1148","2061","2061","2061","1140","1140","1140","2055","2055","2055"
"411","1158","1158","1158","2058","2058","2058","1113","1113","1113","2062","2062","2062","1132","1132","1132","2062","2062","2062","1159","1159","1159","2066","2066","2066","1162","1162","1162","2060","2060","2060"
"412","1143","1143","1143","2063","2063","2063","1160","1160","1160","2067","2067","2067","1112","1112","1112","2067","2067","2067","1163","1163","1163","2071","2071","2071","1168","1168","1168","2065","2065","2065"
"413","1173","1173","1173","2068","2068","2068","1155","1155","1155","2072","2072","2072","1132","1132","1132","2072","2072","2072","1120","1120","1120","2076","2076","2076","1138","1138","1138","2070","2070","2070"
"414","1159","1159","1159","2073","2073","2073","1140","1140","1140","2077","2077","2077","1154","1154","1154","2077","2077","2077","1153","1153","1153","2081","2081","2081","1140","1140","1140","2075","2075","2075"
"415","1157","1157","1157","2078","2078","2078","1153","1153","1153","2082","2082","2082","1162","1162","1162","2082","2082","2082","1113","1113","1113","2086","2086","2086","1159","1159","1159","2080","2080","2080"
"416","1107","1107","1107","2083","2083","2083","1144","1144","1144","2087","2087","2087","1152","1152","1152","2087","2087","2087","1142","1142","1142","2091","2091","2091","1148","1148","1148","2085","2085","2085"
"417","1137","1137","1137","2088","2088","2088","1166","1166","1166","2092","2092","2092","1155","1155","1155","2092","2092","2092","1161","1161","1161","2096","2096","2096","1147","1147","1147","2090","2090","2090"
"418","1141","1141","1141","2093","2093","2093","1152","1152","1152","2097","2097","2097","1134","1134","1134","2097","2097","2097","1158","1158","1158","2101","2101","2101","1160","1160","1160","2095","2095","2095"
"419","1153","1153","1153","2098","2098","2098","1142","1142","1142","2102","2102","2102","1153","1153","1153","2102","2102","2102","1004","1004","1004","2106","2106","2106","1152","1152","1152","2100","2100","2100"
"420","1150","1150","1150","2103","2103","2103","1147","1147","1147","2107","2107","2107","1142","1142","1142","2107","2107","2107","1139","1139","1139","2111","2111","2111","1168","1168","1168","2105","2105","2105"
"421","1155","1155","1155","2108","2108","2108","1136","1136","1136","2112","2112","2112","1122","1122","1122","2112","2112","2112","1133","1133","1133","2116","2116","2116","1152","1152","1152","2110","2110","2110"
"422","1161","1161","1161","2113","2113","2113","1153","1153","1153","2117","2117","2117","1131","1131","1131","2117","2117","2117","1142","1142","1142","2121","2121","2121","1161","1161","1161","2115","2115","2115"
"423","1122","1122","1122","2118","2118","2118","1156","1156","1156","2122","2122","2122","1123","1123","1123","2122","2122","2122","1160","1160","1160","2126","2126","2126","1164","1164","1164","2120","2120","2120"
"424","1142","1142","1142","2123","2123","2123","1135","1135","1135","2127","2127","2127","1153","1153","1153","2127","2127","2127","1156","1156","1156","2131","2131","2131","1122","1122","1122","2125","2125","2125"
"425","1149","1149","1149","2128","2128","2128","1155","1155","1155","2132","2132","2132","1156","1156","1156","2132","2132","2132","1123","1123","1123","2136","2136","2136","1152","1152","1152","2130","2130","2130"
"426","1163","1163","1163","2133","2133","2133","1115","1115","1115","2137","2137","2137","1154","1154","1154","2137","2137","2137","1155","1155","1155","2141","2141","2141","1166","1166","1166","2135","2135","2135"
"427","1144","1144","1144","2138","2138","2138","1125","1125","1125","2142","2142","2142","1150","1150","1150","2142","2142","2142","1161","1161","1161","2146","2146","2146","1109","1109","1109","2140","2140","2140"
"428","1163","1163","1163","2143","2143","2143","1154","1154","1154","2147","2147","2147","1164","1164","1164","2147","2147","2147","1161","1161","1161","2151","2151","2151","1143","1143","1143","2145","2145","2145"
"429","1174","1174","1174","2148","2148","2148","1156","1156","1156","2152","2152","2152","1118","1118","1118","2152","2152","2152","1161","1161","1161","2156","2156","2156","1125","1125","1125","2150","2150","2150"
"430","1160","1160","1160","2153","2153","2153","1167","1167","1167","2157","2157","2157","1145","1145","1145","2157","2157","2157","1154","1154","1154","2161","2161","2161","1116","1116","1116","2155","2155","2155"
"431","1157","1157","1157","2158","2158","2158","1158","1158","1158","2162","2162","2162","1170","1170","1170","2162","2162","2162","1151","1151","1151","2166","2166","2166","1130","1130","1130","2160","2160","2160"
"432","1156","1156","1156","2163","2163","2163","1139","1139","1139","2167","2167","2167","1158","1158","1158","2167","2167","2167","1133","1133","1133","2171","2171","2171","1144","1144","1144","2165","2165","2165"
"433","1141","1141","1141","2168","2168","2168","1150","1150","1150","2172","2172","2172","1156","1156","1156","2172","2172","2172","1148","1148","1148","2176","2176","2176","1147","1147","1147","2170","2170","2170"
"434","1149","1149","1149","2173","2173","2173","1132","1132","1132","2177","2177","2177","1155","1155","1155","2177","2177","2177","1160","1160","1160","2181","2181","2181","1128","1128","1128","2175","2175","2175"
"435","1152","1152","1152","2178","2178","2178","1156","1156","1156","2182","2182","2182","1164","1164","1164","2182","2182","2182","1161","1161","1161","2186","2186","2186","1144","1144","1144","2180","2180","2180"
"436","1158","1158","1158","2183","2183","2183","1155","1155","1155","2187","2187","2187","1150","1150","1150","2187","2187","2187","1141","1141","1141","2191","2191","2191","1161","1161","1161","2185","2185","2185"
"437","1109","1109","1109","2188","2188","2188","1150","1150","1150","2192","2192","2192","1154","1154","1154","2192","2192","2192","1099","1099","1099","2196","2196","2196","1141","1141","1141","2190","2190","2190"
"438","1153","1153","1153","2193","2193","2193","1162","1162","1162","2197","2197","2197","1132","1132","1132","2197","2197","2197","1154","1154","1154","2201","2201","2201","1114","1114","1114","2195","2195","2195"
"439","1144","1144","1144","2198","2198","2198","1161","1161","1161","2202","2202","2202","1146","1146","1146","2202","2202","2202","1153","1153","1153","2206","2206","2206","1114","1114","1114","2200","2200","2200"
"440","1162","1162","1162","2203","2203","2203","1173","1173","1173","2207","2207","2207","1146","1146","1146","2207","2207","2207","1148","1148","1148","2211","2211","2211","1159","1159","1159","2205","2205","2205"
"441","1175","1175","1175","2208","2208","2208","1165","1165","1165","2212","2212","2212","1159","1159","1159","2212","2212","2212","1152","1152","1152","2216","2216","2216","1156","1156","1156","2210","2210","2210"
"442","1141","1141","1141","2213","2213","2213","1153","1153","1153","2217","2217","2217","1138","1138","1138","2217","2217","2217","1149","1149","1149","2221","2221","2221","1144","1144","1144","2215","2215","2215"
"443","1102","1102","1102","2218","2218","2218","1159","1159","1159","2222","2222","2222","1120","1120","1120","2222","2222","2222","1152","1152","1152","2226","2226","2226","1155","1155","1155","2220","2220","2220"
"444","1153","1153","1153","2223","2223","2223","1151","1151","1151","2227","2227","2227","1107","1107","1107","2227","2227","2227","1126","1126","1126","2231","2231","2231","1126","1126","1126","2225","2225","2225"
"445","1138","1138","1138","2228","2228","2228","1157","1157","1157","2232","2232","2232","1156","1156","1156","2232","2232","2232","1147","1147","1147","2236","2236","2236","1159","1159","1159","2230","2230","2230"
"446","1151","1151","1151","2233","2233","2233","1132","1132","1132","2237","2237","2237","1153","1153","1153","2237","2237","2237","1149","1149","1149","2241","2241","2241","1163","1163","1163","2235","2235","2235"
"447","1158","1158","1158","2238","2238","2238","1167","1167","1167","2242","2242","2242","1110","1110","1110","2242","2242","2242","1152","1152","1152","2246","2246","2246","1149","1149","1149","2240","2240","2240"
"448","1146","1146","1146","2243","2243","2243","1114","1114","1114","2247","2247","2247","1114","1114","1114","2247","2247","2247","1111","1111","1111","2251","2251","2251","1141","1141","1141","2245","2245","2245"
"449","1136","1136","1136","2248","2248","2248","1167","1167","1167","2252","2252","2252","1151","1151","1151","2252","2252","2252","1153","1153","1153","2256","2256","2256","1122","1122","1122","2250","2250","2250"