"Evaluate/step_episode","test_rl_filter_49600_2025-07-20_12-17-12_ftg_0.95_parti_500_noise_5e-05 - Evaluate/EpOverCost","test_rl_filter_49600_2025-07-20_12-17-12_ftg_0.95_parti_500_noise_5e-05 - Evaluate/EpOverCost__MIN","test_rl_filter_49600_2025-07-20_12-17-12_ftg_0.95_parti_500_noise_5e-05 - Evaluate/EpOverCost__MAX","test_rl_filter_49600_2025-07-20_12-17-12_ftg_0.95_parti_500_noise_5e-05 - _step","test_rl_filter_49600_2025-07-20_12-17-12_ftg_0.95_parti_500_noise_5e-05 - _step__MIN","test_rl_filter_49600_2025-07-20_12-17-12_ftg_0.95_parti_500_noise_5e-05 - _step__MAX","test_rl_filter_49600_2025-07-20_12-17-12_ftg_0.95_parti_500_noise_0.0001 - Evaluate/EpOverCost","test_rl_filter_49600_2025-07-20_12-17-12_ftg_0.95_parti_500_noise_0.0001 - Evaluate/EpOverCost__MIN","test_rl_filter_49600_2025-07-20_12-17-12_ftg_0.95_parti_500_noise_0.0001 - Evaluate/EpOverCost__MAX","test_rl_filter_49600_2025-07-20_12-17-12_ftg_0.95_parti_500_noise_0.0001 - _step","test_rl_filter_49600_2025-07-20_12-17-12_ftg_0.95_parti_500_noise_0.0001 - _step__MIN","test_rl_filter_49600_2025-07-20_12-17-12_ftg_0.95_parti_500_noise_0.0001 - _step__MAX","test_rl_filter_49600_2025-07-20_12-17-12_ftg_0.95_parti_500_noise_0.001 - Evaluate/EpOverCost","test_rl_filter_49600_2025-07-20_12-17-12_ftg_0.95_parti_500_noise_0.001 - Evaluate/EpOverCost__MIN","test_rl_filter_49600_2025-07-20_12-17-12_ftg_0.95_parti_500_noise_0.001 - Evaluate/EpOverCost__MAX","test_rl_filter_49600_2025-07-20_12-17-12_ftg_0.95_parti_500_noise_0.001 - _step","test_rl_filter_49600_2025-07-20_12-17-12_ftg_0.95_parti_500_noise_0.001 - _step__MIN","test_rl_filter_49600_2025-07-20_12-17-12_ftg_0.95_parti_500_noise_0.001 - _step__MAX","test_rl_filter_49600_2025-07-20_12-17-12_ftg_0.95_parti_500_noise_0.01 - Evaluate/EpOverCost","test_rl_filter_49600_2025-07-20_12-17-12_ftg_0.95_parti_500_noise_0.01 - Evaluate/EpOverCost__MIN","test_rl_filter_49600_2025-07-20_12-17-12_ftg_0.95_parti_500_noise_0.01 - Evaluate/EpOverCost__MAX","test_rl_filter_49600_2025-07-20_12-17-12_ftg_0.95_parti_500_noise_0.01 - _step","test_rl_filter_49600_2025-07-20_12-17-12_ftg_0.95_parti_500_noise_0.01 - _step__MIN","test_rl_filter_49600_2025-07-20_12-17-12_ftg_0.95_parti_500_noise_0.01 - _step__MAX","test_rl_filter_49600_2025-07-20_12-17-12_ftg_0.95_parti_500_noise_0.1 - Evaluate/EpOverCost","test_rl_filter_49600_2025-07-20_12-17-12_ftg_0.95_parti_500_noise_0.1 - Evaluate/EpOverCost__MIN","test_rl_filter_49600_2025-07-20_12-17-12_ftg_0.95_parti_500_noise_0.1 - Evaluate/EpOverCost__MAX","test_rl_filter_49600_2025-07-20_12-17-12_ftg_0.95_parti_500_noise_0.1 - _step","test_rl_filter_49600_2025-07-20_12-17-12_ftg_0.95_parti_500_noise_0.1 - _step__MIN","test_rl_filter_49600_2025-07-20_12-17-12_ftg_0.95_parti_500_noise_0.1 - _step__MAX"
"0","0","0","0","3","3","3","0","0","0","3","3","3","0","0","0","3","3","3","0","0","0","3","3","3","0","0","0","3","3","3"
"1","0","0","0","8","8","8","0","0","0","8","8","8","0","0","0","8","8","8","0","0","0","8","8","8","0","0","0","8","8","8"
"2","0","0","0","13","13","13","0","0","0","13","13","13","0","0","0","13","13","13","0","0","0","13","13","13","0","0","0","13","13","13"
"3","0","0","0","18","18","18","0","0","0","18","18","18","0","0","0","18","18","18","0","0","0","18","18","18","0","0","0","18","18","18"
"4","0","0","0","23","23","23","0","0","0","23","23","23","0","0","0","23","23","23","0","0","0","23","23","23","0","0","0","23","23","23"
"5","0","0","0","28","28","28","0","0","0","28","28","28","0","0","0","28","28","28","0","0","0","28","28","28","0","0","0","28","28","28"
"6","0","0","0","33","33","33","0","0","0","33","33","33","0","0","0","33","33","33","0","0","0","33","33","33","0","0","0","33","33","33"
"7","0","0","0","38","38","38","0","0","0","38","38","38","0","0","0","38","38","38","0","0","0","38","38","38","0","0","0","38","38","38"
"8","0","0","0","43","43","43","0","0","0","43","43","43","0","0","0","43","43","43","0","0","0","43","43","43","0","0","0","43","43","43"
"9","0","0","0","48","48","48","0","0","0","48","48","48","0","0","0","48","48","48","0","0","0","48","48","48","0","0","0","48","48","48"
"10","0","0","0","53","53","53","0","0","0","53","53","53","0","0","0","53","53","53","0","0","0","53","53","53","0","0","0","53","53","53"
"11","0","0","0","58","58","58","0","0","0","58","58","58","0","0","0","58","58","58","0","0","0","58","58","58","0","0","0","58","58","58"
"12","0","0","0","63","63","63","0","0","0","63","63","63","0","0","0","63","63","63","0","0","0","63","63","63","0","0","0","63","63","63"
"13","0","0","0","68","68","68","0","0","0","68","68","68","0","0","0","68","68","68","0","0","0","68","68","68","0","0","0","68","68","68"
"14","0","0","0","73","73","73","0","0","0","73","73","73","0","0","0","73","73","73","0","0","0","73","73","73","0","0","0","73","73","73"
"15","0","0","0","78","78","78","0","0","0","78","78","78","0","0","0","78","78","78","0","0","0","78","78","78","0","0","0","78","78","78"
"16","0","0","0","83","83","83","0","0","0","83","83","83","0","0","0","83","83","83","0","0","0","83","83","83","0","0","0","83","83","83"
"17","0","0","0","88","88","88","0","0","0","88","88","88","0","0","0","88","88","88","0","0","0","88","88","88","0","0","0","88","88","88"
"18","0","0","0","93","93","93","0","0","0","93","93","93","0","0","0","93","93","93","0","0","0","93","93","93","0","0","0","93","93","93"
"19","0","0","0","98","98","98","0","0","0","98","98","98","0","0","0","98","98","98","0","0","0","98","98","98","0","0","0","98","98","98"
"20","0","0","0","103","103","103","0","0","0","103","103","103","0","0","0","103","103","103","0","0","0","103","103","103","0","0","0","103","103","103"
"21","0","0","0","108","108","108","0","0","0","108","108","108","0","0","0","108","108","108","0","0","0","108","108","108","0","0","0","108","108","108"
"22","0","0","0","113","113","113","0","0","0","113","113","113","0","0","0","113","113","113","0","0","0","113","113","113","0","0","0","113","113","113"
"23","0","0","0","118","118","118","0","0","0","118","118","118","0","0","0","118","118","118","0","0","0","118","118","118","0","0","0","118","118","118"
"24","0","0","0","123","123","123","0","0","0","123","123","123","0","0","0","123","123","123","0","0","0","123","123","123","0","0","0","123","123","123"
"25","0","0","0","128","128","128","0","0","0","128","128","128","0","0","0","128","128","128","0","0","0","128","128","128","0","0","0","128","128","128"
"26","0","0","0","133","133","133","0","0","0","133","133","133","0","0","0","133","133","133","0","0","0","133","133","133","0","0","0","133","133","133"
"27","0","0","0","138","138","138","0","0","0","138","138","138","0","0","0","138","138","138","0","0","0","138","138","138","0","0","0","138","138","138"
"28","0","0","0","143","143","143","0","0","0","143","143","143","0","0","0","143","143","143","0","0","0","143","143","143","0","0","0","143","143","143"
"29","0","0","0","148","148","148","0","0","0","148","148","148","0","0","0","148","148","148","0","0","0","148","148","148","0","0","0","148","148","148"
"30","0","0","0","153","153","153","0","0","0","153","153","153","0","0","0","153","153","153","0","0","0","153","153","153","0","0","0","153","153","153"
"31","0","0","0","158","158","158","0","0","0","158","158","158","0","0","0","158","158","158","0","0","0","158","158","158","0","0","0","158","158","158"
"32","0","0","0","163","163","163","0","0","0","163","163","163","0","0","0","163","163","163","0","0","0","163","163","163","0","0","0","163","163","163"
"33","0","0","0","168","168","168","0","0","0","168","168","168","0","0","0","168","168","168","0","0","0","168","168","168","0","0","0","168","168","168"
"34","0","0","0","173","173","173","0","0","0","173","173","173","0","0","0","173","173","173","0","0","0","173","173","173","0","0","0","173","173","173"
"35","0","0","0","178","178","178","0","0","0","178","178","178","0","0","0","178","178","178","0","0","0","178","178","178","0","0","0","178","178","178"
"36","0","0","0","183","183","183","0","0","0","183","183","183","0","0","0","183","183","183","0","0","0","183","183","183","0","0","0","183","183","183"
"37","0","0","0","188","188","188","0","0","0","188","188","188","0","0","0","188","188","188","0","0","0","188","188","188","0","0","0","188","188","188"
"38","0","0","0","193","193","193","0","0","0","193","193","193","0","0","0","193","193","193","0","0","0","193","193","193","0","0","0","193","193","193"
"39","0","0","0","198","198","198","0","0","0","198","198","198","0","0","0","198","198","198","0","0","0","198","198","198","0","0","0","198","198","198"
"40","0","0","0","203","203","203","0","0","0","203","203","203","0","0","0","203","203","203","0","0","0","203","203","203","0","0","0","203","203","203"
"41","0","0","0","208","208","208","0","0","0","208","208","208","0","0","0","208","208","208","0","0","0","208","208","208","0","0","0","208","208","208"
"42","0","0","0","213","213","213","0","0","0","213","213","213","0","0","0","213","213","213","0","0","0","213","213","213","0","0","0","213","213","213"
"43","0","0","0","218","218","218","0","0","0","218","218","218","0","0","0","218","218","218","0","0","0","218","218","218","0","0","0","218","218","218"
"44","0","0","0","223","223","223","0","0","0","223","223","223","0","0","0","223","223","223","0","0","0","223","223","223","0","0","0","223","223","223"
"45","0","0","0","228","228","228","0","0","0","228","228","228","0","0","0","228","228","228","0","0","0","228","228","228","0","0","0","228","228","228"
"46","0","0","0","233","233","233","0","0","0","233","233","233","0","0","0","233","233","233","0","0","0","233","233","233","0","0","0","233","233","233"
"47","0","0","0","238","238","238","0","0","0","238","238","238","0","0","0","238","238","238","0","0","0","238","238","238","0","0","0","238","238","238"
"48","0","0","0","243","243","243","0","0","0","243","243","243","0","0","0","243","243","243","0","0","0","243","243","243","0","0","0","243","243","243"
"49","0","0","0","248","248","248","0","0","0","248","248","248","0","0","0","248","248","248","0","0","0","248","248","248","0","0","0","248","248","248"
"50","0","0","0","253","253","253","0","0","0","253","253","253","0","0","0","253","253","253","0","0","0","253","253","253","0","0","0","253","253","253"
"51","0","0","0","258","258","258","0","0","0","258","258","258","0","0","0","258","258","258","0","0","0","258","258","258","0","0","0","258","258","258"
"52","0","0","0","263","263","263","0","0","0","263","263","263","0","0","0","263","263","263","0","0","0","263","263","263","0","0","0","263","263","263"
"53","0","0","0","268","268","268","0","0","0","268","268","268","0","0","0","268","268","268","0","0","0","268","268","268","0","0","0","268","268","268"
"54","0","0","0","273","273","273","0","0","0","273","273","273","0","0","0","273","273","273","0","0","0","273","273","273","0","0","0","273","273","273"
"55","0","0","0","278","278","278","0","0","0","278","278","278","0","0","0","278","278","278","0","0","0","278","278","278","0","0","0","278","278","278"
"56","0","0","0","283","283","283","0","0","0","283","283","283","0","0","0","283","283","283","0","0","0","283","283","283","0","0","0","283","283","283"
"57","0","0","0","288","288","288","0","0","0","288","288","288","0","0","0","288","288","288","0","0","0","288","288","288","0","0","0","288","288","288"
"58","0","0","0","293","293","293","0","0","0","293","293","293","0","0","0","293","293","293","0","0","0","293","293","293","0","0","0","293","293","293"
"59","0","0","0","298","298","298","0","0","0","298","298","298","0","0","0","298","298","298","0","0","0","298","298","298","0","0","0","298","298","298"
"60","0","0","0","303","303","303","0","0","0","303","303","303","0","0","0","303","303","303","0","0","0","303","303","303","0","0","0","303","303","303"
"61","0","0","0","308","308","308","0","0","0","308","308","308","0","0","0","308","308","308","0","0","0","308","308","308","0","0","0","308","308","308"
"62","0","0","0","313","313","313","0","0","0","313","313","313","0","0","0","313","313","313","0","0","0","313","313","313","0","0","0","313","313","313"
"63","0","0","0","318","318","318","0","0","0","318","318","318","0","0","0","318","318","318","0","0","0","318","318","318","0","0","0","318","318","318"
"64","0","0","0","323","323","323","0","0","0","323","323","323","0","0","0","323","323","323","0","0","0","323","323","323","0","0","0","323","323","323"
"65","0","0","0","328","328","328","0","0","0","328","328","328","0","0","0","328","328","328","0","0","0","328","328","328","0","0","0","328","328","328"
"66","0","0","0","333","333","333","0","0","0","333","333","333","0","0","0","333","333","333","0","0","0","333","333","333","0","0","0","333","333","333"
"67","0","0","0","338","338","338","0","0","0","338","338","338","0","0","0","338","338","338","0","0","0","338","338","338","0","0","0","338","338","338"
"68","0","0","0","343","343","343","0","0","0","343","343","343","0","0","0","343","343","343","0","0","0","343","343","343","0","0","0","343","343","343"
"69","0","0","0","348","348","348","0","0","0","348","348","348","0","0","0","348","348","348","0","0","0","348","348","348","0","0","0","348","348","348"
"70","0","0","0","353","353","353","0","0","0","353","353","353","0","0","0","353","353","353","0","0","0","353","353","353","0","0","0","353","353","353"
"71","0","0","0","358","358","358","0","0","0","358","358","358","0","0","0","358","358","358","0","0","0","358","358","358","0","0","0","358","358","358"
"72","0","0","0","363","363","363","0","0","0","363","363","363","0","0","0","363","363","363","0","0","0","363","363","363","0","0","0","363","363","363"
"73","0","0","0","368","368","368","0","0","0","368","368","368","0","0","0","368","368","368","0","0","0","368","368","368","0","0","0","368","368","368"
"74","0","0","0","373","373","373","0","0","0","373","373","373","0","0","0","373","373","373","0","0","0","373","373","373","0","0","0","373","373","373"
"75","0","0","0","378","378","378","0","0","0","378","378","378","0","0","0","378","378","378","0","0","0","378","378","378","0","0","0","378","378","378"
"76","0","0","0","383","383","383","0","0","0","383","383","383","0","0","0","383","383","383","0","0","0","383","383","383","0","0","0","383","383","383"
"77","0","0","0","388","388","388","0","0","0","388","388","388","0","0","0","388","388","388","0","0","0","388","388","388","0","0","0","388","388","388"
"78","0","0","0","393","393","393","0","0","0","393","393","393","0","0","0","393","393","393","0","0","0","393","393","393","0","0","0","393","393","393"
"79","0","0","0","398","398","398","0","0","0","398","398","398","0","0","0","398","398","398","0","0","0","398","398","398","0","0","0","398","398","398"
"80","0","0","0","403","403","403","0","0","0","403","403","403","0","0","0","403","403","403","0","0","0","403","403","403","0","0","0","403","403","403"
"81","0","0","0","408","408","408","0","0","0","408","408","408","0","0","0","408","408","408","0","0","0","408","408","408","0","0","0","408","408","408"
"82","0","0","0","413","413","413","0","0","0","413","413","413","0","0","0","413","413","413","0","0","0","413","413","413","0","0","0","413","413","413"
"83","0","0","0","418","418","418","0","0","0","418","418","418","0","0","0","418","418","418","0","0","0","418","418","418","0","0","0","418","418","418"
"84","0","0","0","423","423","423","0","0","0","423","423","423","0","0","0","423","423","423","0","0","0","423","423","423","0","0","0","423","423","423"
"85","0","0","0","428","428","428","0","0","0","428","428","428","0","0","0","428","428","428","0","0","0","428","428","428","0","0","0","428","428","428"
"86","0","0","0","433","433","433","0","0","0","433","433","433","0","0","0","433","433","433","0","0","0","433","433","433","0","0","0","433","433","433"
"87","0","0","0","438","438","438","0","0","0","438","438","438","0","0","0","438","438","438","0","0","0","438","438","438","0","0","0","438","438","438"
"88","0","0","0","443","443","443","0","0","0","443","443","443","0","0","0","443","443","443","0","0","0","443","443","443","0","0","0","443","443","443"
"89","0","0","0","448","448","448","0","0","0","448","448","448","0","0","0","448","448","448","0","0","0","448","448","448","0","0","0","448","448","448"
"90","0","0","0","453","453","453","0","0","0","453","453","453","0","0","0","453","453","453","0","0","0","453","453","453","0","0","0","453","453","453"
"91","0","0","0","458","458","458","0","0","0","458","458","458","0","0","0","458","458","458","0","0","0","458","458","458","0","0","0","458","458","458"
"92","0","0","0","463","463","463","0","0","0","463","463","463","0","0","0","463","463","463","0","0","0","463","463","463","0","0","0","463","463","463"
"93","0","0","0","468","468","468","0","0","0","468","468","468","0","0","0","468","468","468","0","0","0","468","468","468","0","0","0","468","468","468"
"94","0","0","0","473","473","473","0","0","0","473","473","473","0","0","0","473","473","473","0","0","0","473","473","473","0","0","0","473","473","473"
"95","0","0","0","478","478","478","0","0","0","478","478","478","0","0","0","478","478","478","0","0","0","478","478","478","0","0","0","478","478","478"
"96","0","0","0","483","483","483","0","0","0","483","483","483","0","0","0","483","483","483","0","0","0","483","483","483","0","0","0","483","483","483"
"97","0","0","0","488","488","488","0","0","0","488","488","488","0","0","0","488","488","488","0","0","0","488","488","488","0","0","0","488","488","488"
"98","0","0","0","493","493","493","0","0","0","493","493","493","0","0","0","493","493","493","0","0","0","493","493","493","0","0","0","493","493","493"
"99","0","0","0","498","498","498","0","0","0","498","498","498","0","0","0","498","498","498","0","0","0","498","498","498","0","0","0","498","498","498"
"100","0","0","0","503","503","503","0","0","0","503","503","503","0","0","0","503","503","503","0","0","0","503","503","503","0","0","0","503","503","503"
"101","0","0","0","508","508","508","0","0","0","508","508","508","0","0","0","508","508","508","0","0","0","508","508","508","0","0","0","508","508","508"
"102","0","0","0","513","513","513","0","0","0","513","513","513","0","0","0","513","513","513","0","0","0","513","513","513","0","0","0","513","513","513"
"103","0","0","0","518","518","518","0","0","0","518","518","518","0","0","0","518","518","518","0","0","0","518","518","518","0","0","0","518","518","518"
"104","0","0","0","523","523","523","0","0","0","523","523","523","0","0","0","523","523","523","0","0","0","523","523","523","0","0","0","523","523","523"
"105","0","0","0","528","528","528","0","0","0","528","528","528","0","0","0","528","528","528","0","0","0","528","528","528","0","0","0","528","528","528"
"106","0","0","0","533","533","533","0","0","0","533","533","533","0","0","0","533","533","533","0","0","0","533","533","533","0","0","0","533","533","533"
"107","0","0","0","538","538","538","0","0","0","538","538","538","0","0","0","538","538","538","0","0","0","538","538","538","0","0","0","538","538","538"
"108","0","0","0","543","543","543","0","0","0","543","543","543","0","0","0","543","543","543","0","0","0","543","543","543","0","0","0","543","543","543"
"109","0","0","0","548","548","548","0","0","0","548","548","548","0","0","0","548","548","548","0","0","0","548","548","548","0","0","0","548","548","548"
"110","0","0","0","553","553","553","0","0","0","553","553","553","0","0","0","553","553","553","0","0","0","553","553","553","0","0","0","553","553","553"
"111","0","0","0","558","558","558","0","0","0","558","558","558","0","0","0","558","558","558","0","0","0","558","558","558","0","0","0","558","558","558"
"112","0","0","0","563","563","563","0","0","0","563","563","563","0","0","0","563","563","563","0","0","0","563","563","563","0","0","0","563","563","563"
"113","0","0","0","568","568","568","0","0","0","568","568","568","0","0","0","568","568","568","0","0","0","568","568","568","0","0","0","568","568","568"
"114","0","0","0","573","573","573","0","0","0","573","573","573","0","0","0","573","573","573","0","0","0","573","573","573","0","0","0","573","573","573"
"115","0","0","0","578","578","578","0","0","0","578","578","578","0","0","0","578","578","578","0","0","0","578","578","578","0","0","0","578","578","578"
"116","0","0","0","583","583","583","0","0","0","583","583","583","0","0","0","583","583","583","0","0","0","583","583","583","0","0","0","583","583","583"
"117","0","0","0","588","588","588","0","0","0","588","588","588","0","0","0","588","588","588","0","0","0","588","588","588","0","0","0","588","588","588"
"118","0","0","0","593","593","593","0","0","0","593","593","593","0","0","0","593","593","593","0","0","0","593","593","593","0","0","0","593","593","593"
"119","0","0","0","598","598","598","0","0","0","598","598","598","0","0","0","598","598","598","0","0","0","598","598","598","0","0","0","598","598","598"
"120","0","0","0","603","603","603","0","0","0","603","603","603","0","0","0","603","603","603","0","0","0","603","603","603","0","0","0","603","603","603"
"121","0","0","0","608","608","608","0","0","0","608","608","608","0","0","0","608","608","608","0","0","0","608","608","608","0","0","0","608","608","608"
"122","0","0","0","613","613","613","0","0","0","613","613","613","0","0","0","613","613","613","0","0","0","613","613","613","0","0","0","613","613","613"
"123","0","0","0","618","618","618","0","0","0","618","618","618","0","0","0","618","618","618","0","0","0","618","618","618","0","0","0","618","618","618"
"124","0","0","0","623","623","623","0","0","0","623","623","623","0","0","0","623","623","623","0","0","0","623","623","623","0","0","0","623","623","623"
"125","0","0","0","628","628","628","0","0","0","628","628","628","0","0","0","628","628","628","0","0","0","628","628","628","0","0","0","628","628","628"
"126","0","0","0","633","633","633","0","0","0","633","633","633","0","0","0","633","633","633","0","0","0","633","633","633","0","0","0","633","633","633"
"127","0","0","0","638","638","638","0","0","0","638","638","638","0","0","0","638","638","638","0","0","0","638","638","638","0","0","0","638","638","638"
"128","0","0","0","643","643","643","0","0","0","643","643","643","0","0","0","643","643","643","0","0","0","643","643","643","0","0","0","643","643","643"
"129","0","0","0","648","648","648","0","0","0","648","648","648","0","0","0","648","648","648","0","0","0","648","648","648","0","0","0","648","648","648"
"130","0","0","0","653","653","653","0","0","0","653","653","653","0","0","0","653","653","653","0","0","0","653","653","653","0","0","0","653","653","653"
"131","0","0","0","658","658","658","0","0","0","658","658","658","0","0","0","658","658","658","0","0","0","658","658","658","0","0","0","658","658","658"
"132","0","0","0","663","663","663","0","0","0","663","663","663","0","0","0","663","663","663","0","0","0","663","663","663","0","0","0","663","663","663"
"133","0","0","0","668","668","668","0","0","0","668","668","668","0","0","0","668","668","668","0","0","0","668","668","668","0","0","0","668","668","668"
"134","0","0","0","673","673","673","0","0","0","673","673","673","0","0","0","673","673","673","0","0","0","673","673","673","0","0","0","673","673","673"
"135","0","0","0","678","678","678","0","0","0","678","678","678","0","0","0","678","678","678","0","0","0","678","678","678","0","0","0","678","678","678"
"136","0","0","0","683","683","683","0","0","0","683","683","683","0","0","0","683","683","683","0","0","0","683","683","683","0","0","0","683","683","683"
"137","0","0","0","688","688","688","0","0","0","688","688","688","0","0","0","688","688","688","0","0","0","688","688","688","0","0","0","688","688","688"
"138","0","0","0","693","693","693","0","0","0","693","693","693","0","0","0","693","693","693","0","0","0","693","693","693","0","0","0","693","693","693"
"139","0","0","0","698","698","698","0","0","0","698","698","698","0","0","0","698","698","698","0","0","0","698","698","698","0","0","0","698","698","698"
"140","0","0","0","703","703","703","0","0","0","703","703","703","0","0","0","703","703","703","0","0","0","703","703","703","0","0","0","703","703","703"
"141","0","0","0","708","708","708","0","0","0","708","708","708","0","0","0","708","708","708","0","0","0","708","708","708","0","0","0","708","708","708"
"142","0","0","0","713","713","713","0","0","0","713","713","713","0","0","0","713","713","713","0","0","0","713","713","713","0","0","0","713","713","713"
"143","0","0","0","718","718","718","0","0","0","718","718","718","0","0","0","718","718","718","0","0","0","718","718","718","0","0","0","718","718","718"
"144","0","0","0","723","723","723","0","0","0","723","723","723","0","0","0","723","723","723","0","0","0","723","723","723","0","0","0","723","723","723"
"145","0","0","0","728","728","728","0","0","0","728","728","728","0","0","0","728","728","728","0","0","0","728","728","728","0","0","0","728","728","728"
"146","0","0","0","733","733","733","0","0","0","733","733","733","0","0","0","733","733","733","0","0","0","733","733","733","0","0","0","733","733","733"
"147","0","0","0","738","738","738","0","0","0","738","738","738","0","0","0","738","738","738","0","0","0","738","738","738","0","0","0","738","738","738"
"148","0","0","0","743","743","743","0","0","0","743","743","743","0","0","0","743","743","743","0","0","0","743","743","743","0","0","0","743","743","743"
"149","0","0","0","748","748","748","0","0","0","748","748","748","0","0","0","748","748","748","0","0","0","748","748","748","0","0","0","748","748","748"
"150","0","0","0","753","753","753","0","0","0","753","753","753","0","0","0","753","753","753","0","0","0","753","753","753","0","0","0","753","753","753"
"151","0","0","0","758","758","758","0","0","0","758","758","758","0","0","0","758","758","758","0","0","0","758","758","758","0","0","0","758","758","758"
"152","0","0","0","763","763","763","0","0","0","763","763","763","0","0","0","763","763","763","0","0","0","763","763","763","0","0","0","763","763","763"
"153","0","0","0","768","768","768","0","0","0","768","768","768","0","0","0","768","768","768","0","0","0","768","768","768","0","0","0","768","768","768"
"154","0","0","0","773","773","773","0","0","0","773","773","773","0","0","0","773","773","773","0","0","0","773","773","773","0","0","0","773","773","773"
"155","0","0","0","778","778","778","0","0","0","778","778","778","0","0","0","778","778","778","0","0","0","778","778","778","0","0","0","778","778","778"
"156","0","0","0","783","783","783","0","0","0","783","783","783","0","0","0","783","783","783","0","0","0","783","783","783","0","0","0","783","783","783"
"157","0","0","0","788","788","788","0","0","0","788","788","788","0","0","0","788","788","788","0","0","0","788","788","788","0","0","0","788","788","788"
"158","0","0","0","793","793","793","0","0","0","793","793","793","0","0","0","793","793","793","2","2","2","795","795","795","0","0","0","793","793","793"
"159","0","0","0","798","798","798","0","0","0","798","798","798","0","0","0","798","798","798","0","0","0","800","800","800","0","0","0","798","798","798"
"160","0","0","0","803","803","803","0","0","0","803","803","803","0","0","0","803","803","803","0","0","0","805","805","805","0","0","0","803","803","803"
"161","0","0","0","808","808","808","0","0","0","808","808","808","0","0","0","808","808","808","0","0","0","810","810","810","0","0","0","808","808","808"
"162","0","0","0","813","813","813","0","0","0","813","813","813","0","0","0","813","813","813","0","0","0","815","815","815","0","0","0","813","813","813"
"163","0","0","0","818","818","818","0","0","0","818","818","818","0","0","0","818","818","818","0","0","0","820","820","820","0","0","0","818","818","818"
"164","0","0","0","823","823","823","0","0","0","823","823","823","0","0","0","823","823","823","0","0","0","825","825","825","0","0","0","823","823","823"
"165","0","0","0","828","828","828","0","0","0","828","828","828","0","0","0","828","828","828","0","0","0","830","830","830","0","0","0","828","828","828"
"166","0","0","0","833","833","833","0","0","0","833","833","833","0","0","0","833","833","833","0","0","0","835","835","835","0","0","0","833","833","833"
"167","0","0","0","838","838","838","0","0","0","838","838","838","0","0","0","838","838","838","1","1","1","841","841","841","1","1","1","839","839","839"
"168","0","0","0","843","843","843","0","0","0","843","843","843","0","0","0","843","843","843","0","0","0","846","846","846","0","0","0","844","844","844"
"169","0","0","0","848","848","848","4","4","4","852","852","852","0","0","0","848","848","848","0","0","0","851","851","851","0","0","0","849","849","849"
"170","0","0","0","853","853","853","0","0","0","857","857","857","0","0","0","853","853","853","0","0","0","856","856","856","0","0","0","854","854","854"
"171","0","0","0","858","858","858","0","0","0","862","862","862","0","0","0","858","858","858","0","0","0","861","861","861","0","0","0","859","859","859"
"172","0","0","0","863","863","863","0","0","0","867","867","867","0","0","0","863","863","863","0","0","0","866","866","866","0","0","0","864","864","864"
"173","0","0","0","868","868","868","0","0","0","872","872","872","0","0","0","868","868","868","0","0","0","871","871","871","0","0","0","869","869","869"
"174","0","0","0","873","873","873","0","0","0","877","877","877","0","0","0","873","873","873","0","0","0","876","876","876","0","0","0","874","874","874"
"175","0","0","0","878","878","878","0","0","0","882","882","882","0","0","0","878","878","878","0","0","0","881","881","881","0","0","0","879","879","879"
"176","0","0","0","883","883","883","0","0","0","887","887","887","0","0","0","883","883","883","0","0","0","886","886","886","0","0","0","884","884","884"
"177","0","0","0","888","888","888","0","0","0","892","892","892","0","0","0","888","888","888","0","0","0","891","891","891","0","0","0","889","889","889"
"178","0","0","0","893","893","893","0","0","0","897","897","897","0","0","0","893","893","893","0","0","0","896","896","896","0","0","0","894","894","894"
"179","0","0","0","898","898","898","0","0","0","902","902","902","1","1","1","899","899","899","0","0","0","901","901","901","0","0","0","899","899","899"
"180","0","0","0","903","903","903","0","0","0","907","907","907","0","0","0","904","904","904","0","0","0","906","906","906","0","0","0","904","904","904"
"181","0","0","0","908","908","908","0","0","0","912","912","912","0","0","0","909","909","909","4","4","4","915","915","915","0","0","0","909","909","909"
"182","0","0","0","913","913","913","0","0","0","917","917","917","0","0","0","914","914","914","0","0","0","920","920","920","0","0","0","914","914","914"
"183","0","0","0","918","918","918","0","0","0","922","922","922","0","0","0","919","919","919","0","0","0","925","925","925","0","0","0","919","919","919"
"184","0","0","0","923","923","923","0","0","0","927","927","927","3","3","3","927","927","927","0","0","0","930","930","930","0","0","0","924","924","924"
"185","0","0","0","928","928","928","0","0","0","932","932","932","0","0","0","932","932","932","0","0","0","935","935","935","0","0","0","929","929","929"
"186","0","0","0","933","933","933","0","0","0","937","937","937","0","0","0","937","937","937","0","0","0","940","940","940","0","0","0","934","934","934"
"187","0","0","0","938","938","938","0","0","0","942","942","942","0","0","0","942","942","942","0","0","0","945","945","945","0","0","0","939","939","939"
"188","0","0","0","943","943","943","0","0","0","947","947","947","0","0","0","947","947","947","0","0","0","950","950","950","0","0","0","944","944","944"
"189","0","0","0","948","948","948","0","0","0","952","952","952","0","0","0","952","952","952","0","0","0","955","955","955","0","0","0","949","949","949"
"190","0","0","0","953","953","953","0","0","0","957","957","957","0","0","0","957","957","957","0","0","0","960","960","960","0","0","0","954","954","954"
"191","0","0","0","958","958","958","0","0","0","962","962","962","0","0","0","962","962","962","0","0","0","965","965","965","0","0","0","959","959","959"
"192","0","0","0","963","963","963","0","0","0","967","967","967","0","0","0","967","967","967","0","0","0","970","970","970","0","0","0","964","964","964"
"193","0","0","0","968","968","968","0","0","0","972","972","972","0","0","0","972","972","972","0","0","0","975","975","975","0","0","0","969","969","969"
"194","0","0","0","973","973","973","0","0","0","977","977","977","0","0","0","977","977","977","1","1","1","981","981","981","0","0","0","974","974","974"
"195","0","0","0","978","978","978","0","0","0","982","982","982","0","0","0","982","982","982","0","0","0","986","986","986","0","0","0","979","979","979"
"196","0","0","0","983","983","983","0","0","0","987","987","987","0","0","0","987","987","987","0","0","0","991","991","991","1","1","1","985","985","985"
"197","0","0","0","988","988","988","0","0","0","992","992","992","0","0","0","992","992","992","0","0","0","996","996","996","0","0","0","990","990","990"
"198","0","0","0","993","993","993","0","0","0","997","997","997","0","0","0","997","997","997","0","0","0","1001","1001","1001","0","0","0","995","995","995"
"199","0","0","0","998","998","998","0","0","0","1002","1002","1002","0","0","0","1002","1002","1002","0","0","0","1006","1006","1006","0","0","0","1000","1000","1000"
"200","0","0","0","1003","1003","1003","0","0","0","1007","1007","1007","0","0","0","1007","1007","1007","0","0","0","1011","1011","1011","0","0","0","1005","1005","1005"
"201","0","0","0","1008","1008","1008","0","0","0","1012","1012","1012","0","0","0","1012","1012","1012","0","0","0","1016","1016","1016","0","0","0","1010","1010","1010"
"202","0","0","0","1013","1013","1013","0","0","0","1017","1017","1017","0","0","0","1017","1017","1017","0","0","0","1021","1021","1021","0","0","0","1015","1015","1015"
"203","0","0","0","1018","1018","1018","0","0","0","1022","1022","1022","0","0","0","1022","1022","1022","0","0","0","1026","1026","1026","0","0","0","1020","1020","1020"
"204","0","0","0","1023","1023","1023","0","0","0","1027","1027","1027","0","0","0","1027","1027","1027","0","0","0","1031","1031","1031","0","0","0","1025","1025","1025"
"205","0","0","0","1028","1028","1028","0","0","0","1032","1032","1032","0","0","0","1032","1032","1032","0","0","0","1036","1036","1036","0","0","0","1030","1030","1030"
"206","0","0","0","1033","1033","1033","0","0","0","1037","1037","1037","0","0","0","1037","1037","1037","0","0","0","1041","1041","1041","0","0","0","1035","1035","1035"
"207","0","0","0","1038","1038","1038","0","0","0","1042","1042","1042","0","0","0","1042","1042","1042","0","0","0","1046","1046","1046","0","0","0","1040","1040","1040"
"208","0","0","0","1043","1043","1043","0","0","0","1047","1047","1047","0","0","0","1047","1047","1047","0","0","0","1051","1051","1051","0","0","0","1045","1045","1045"
"209","0","0","0","1048","1048","1048","0","0","0","1052","1052","1052","0","0","0","1052","1052","1052","0","0","0","1056","1056","1056","0","0","0","1050","1050","1050"
"210","0","0","0","1053","1053","1053","0","0","0","1057","1057","1057","0","0","0","1057","1057","1057","0","0","0","1061","1061","1061","0","0","0","1055","1055","1055"
"211","0","0","0","1058","1058","1058","0","0","0","1062","1062","1062","0","0","0","1062","1062","1062","0","0","0","1066","1066","1066","0","0","0","1060","1060","1060"
"212","0","0","0","1063","1063","1063","0","0","0","1067","1067","1067","0","0","0","1067","1067","1067","0","0","0","1071","1071","1071","0","0","0","1065","1065","1065"
"213","0","0","0","1068","1068","1068","0","0","0","1072","1072","1072","0","0","0","1072","1072","1072","0","0","0","1076","1076","1076","0","0","0","1070","1070","1070"
"214","0","0","0","1073","1073","1073","0","0","0","1077","1077","1077","0","0","0","1077","1077","1077","0","0","0","1081","1081","1081","0","0","0","1075","1075","1075"
"215","0","0","0","1078","1078","1078","0","0","0","1082","1082","1082","0","0","0","1082","1082","1082","0","0","0","1086","1086","1086","0","0","0","1080","1080","1080"
"216","0","0","0","1083","1083","1083","0","0","0","1087","1087","1087","0","0","0","1087","1087","1087","0","0","0","1091","1091","1091","0","0","0","1085","1085","1085"
"217","0","0","0","1088","1088","1088","0","0","0","1092","1092","1092","0","0","0","1092","1092","1092","0","0","0","1096","1096","1096","0","0","0","1090","1090","1090"
"218","0","0","0","1093","1093","1093","0","0","0","1097","1097","1097","0","0","0","1097","1097","1097","0","0","0","1101","1101","1101","0","0","0","1095","1095","1095"
"219","0","0","0","1098","1098","1098","0","0","0","1102","1102","1102","0","0","0","1102","1102","1102","0","0","0","1106","1106","1106","0","0","0","1100","1100","1100"
"220","0","0","0","1103","1103","1103","0","0","0","1107","1107","1107","0","0","0","1107","1107","1107","0","0","0","1111","1111","1111","0","0","0","1105","1105","1105"
"221","0","0","0","1108","1108","1108","0","0","0","1112","1112","1112","0","0","0","1112","1112","1112","0","0","0","1116","1116","1116","0","0","0","1110","1110","1110"
"222","0","0","0","1113","1113","1113","0","0","0","1117","1117","1117","0","0","0","1117","1117","1117","0","0","0","1121","1121","1121","0","0","0","1115","1115","1115"
"223","0","0","0","1118","1118","1118","0","0","0","1122","1122","1122","0","0","0","1122","1122","1122","0","0","0","1126","1126","1126","0","0","0","1120","1120","1120"
"224","0","0","0","1123","1123","1123","0","0","0","1127","1127","1127","0","0","0","1127","1127","1127","0","0","0","1131","1131","1131","0","0","0","1125","1125","1125"
"225","0","0","0","1128","1128","1128","0","0","0","1132","1132","1132","0","0","0","1132","1132","1132","0","0","0","1136","1136","1136","0","0","0","1130","1130","1130"
"226","0","0","0","1133","1133","1133","0","0","0","1137","1137","1137","0","0","0","1137","1137","1137","0","0","0","1141","1141","1141","0","0","0","1135","1135","1135"
"227","0","0","0","1138","1138","1138","0","0","0","1142","1142","1142","0","0","0","1142","1142","1142","0","0","0","1146","1146","1146","0","0","0","1140","1140","1140"
"228","0","0","0","1143","1143","1143","0","0","0","1147","1147","1147","0","0","0","1147","1147","1147","0","0","0","1151","1151","1151","0","0","0","1145","1145","1145"
"229","0","0","0","1148","1148","1148","0","0","0","1152","1152","1152","0","0","0","1152","1152","1152","0","0","0","1156","1156","1156","0","0","0","1150","1150","1150"
"230","0","0","0","1153","1153","1153","0","0","0","1157","1157","1157","0","0","0","1157","1157","1157","0","0","0","1161","1161","1161","0","0","0","1155","1155","1155"
"231","0","0","0","1158","1158","1158","0","0","0","1162","1162","1162","0","0","0","1162","1162","1162","0","0","0","1166","1166","1166","0","0","0","1160","1160","1160"
"232","0","0","0","1163","1163","1163","0","0","0","1167","1167","1167","0","0","0","1167","1167","1167","0","0","0","1171","1171","1171","0","0","0","1165","1165","1165"
"233","0","0","0","1168","1168","1168","0","0","0","1172","1172","1172","0","0","0","1172","1172","1172","0","0","0","1176","1176","1176","0","0","0","1170","1170","1170"
"234","0","0","0","1173","1173","1173","0","0","0","1177","1177","1177","0","0","0","1177","1177","1177","0","0","0","1181","1181","1181","0","0","0","1175","1175","1175"
"235","0","0","0","1178","1178","1178","0","0","0","1182","1182","1182","0","0","0","1182","1182","1182","0","0","0","1186","1186","1186","0","0","0","1180","1180","1180"
"236","0","0","0","1183","1183","1183","0","0","0","1187","1187","1187","0","0","0","1187","1187","1187","0","0","0","1191","1191","1191","0","0","0","1185","1185","1185"
"237","0","0","0","1188","1188","1188","0","0","0","1192","1192","1192","0","0","0","1192","1192","1192","0","0","0","1196","1196","1196","0","0","0","1190","1190","1190"
"238","0","0","0","1193","1193","1193","0","0","0","1197","1197","1197","0","0","0","1197","1197","1197","0","0","0","1201","1201","1201","0","0","0","1195","1195","1195"
"239","0","0","0","1198","1198","1198","0","0","0","1202","1202","1202","0","0","0","1202","1202","1202","0","0","0","1206","1206","1206","0","0","0","1200","1200","1200"
"240","0","0","0","1203","1203","1203","0","0","0","1207","1207","1207","0","0","0","1207","1207","1207","0","0","0","1211","1211","1211","0","0","0","1205","1205","1205"
"241","0","0","0","1208","1208","1208","0","0","0","1212","1212","1212","0","0","0","1212","1212","1212","0","0","0","1216","1216","1216","0","0","0","1210","1210","1210"
"242","0","0","0","1213","1213","1213","0","0","0","1217","1217","1217","0","0","0","1217","1217","1217","0","0","0","1221","1221","1221","0","0","0","1215","1215","1215"
"243","0","0","0","1218","1218","1218","0","0","0","1222","1222","1222","0","0","0","1222","1222","1222","0","0","0","1226","1226","1226","0","0","0","1220","1220","1220"
"244","0","0","0","1223","1223","1223","0","0","0","1227","1227","1227","0","0","0","1227","1227","1227","0","0","0","1231","1231","1231","0","0","0","1225","1225","1225"
"245","0","0","0","1228","1228","1228","0","0","0","1232","1232","1232","0","0","0","1232","1232","1232","0","0","0","1236","1236","1236","0","0","0","1230","1230","1230"
"246","0","0","0","1233","1233","1233","0","0","0","1237","1237","1237","0","0","0","1237","1237","1237","0","0","0","1241","1241","1241","0","0","0","1235","1235","1235"
"247","0","0","0","1238","1238","1238","0","0","0","1242","1242","1242","0","0","0","1242","1242","1242","0","0","0","1246","1246","1246","0","0","0","1240","1240","1240"
"248","0","0","0","1243","1243","1243","0","0","0","1247","1247","1247","0","0","0","1247","1247","1247","0","0","0","1251","1251","1251","0","0","0","1245","1245","1245"
"249","0","0","0","1248","1248","1248","0","0","0","1252","1252","1252","0","0","0","1252","1252","1252","0","0","0","1256","1256","1256","0","0","0","1250","1250","1250"
"250","0","0","0","1253","1253","1253","0","0","0","1257","1257","1257","0","0","0","1257","1257","1257","0","0","0","1261","1261","1261","0","0","0","1255","1255","1255"
"251","0","0","0","1258","1258","1258","0","0","0","1262","1262","1262","0","0","0","1262","1262","1262","0","0","0","1266","1266","1266","0","0","0","1260","1260","1260"
"252","0","0","0","1263","1263","1263","0","0","0","1267","1267","1267","0","0","0","1267","1267","1267","0","0","0","1271","1271","1271","0","0","0","1265","1265","1265"
"253","0","0","0","1268","1268","1268","0","0","0","1272","1272","1272","0","0","0","1272","1272","1272","0","0","0","1276","1276","1276","0","0","0","1270","1270","1270"
"254","0","0","0","1273","1273","1273","0","0","0","1277","1277","1277","0","0","0","1277","1277","1277","0","0","0","1281","1281","1281","0","0","0","1275","1275","1275"
"255","0","0","0","1278","1278","1278","0","0","0","1282","1282","1282","0","0","0","1282","1282","1282","0","0","0","1286","1286","1286","0","0","0","1280","1280","1280"
"256","0","0","0","1283","1283","1283","0","0","0","1287","1287","1287","0","0","0","1287","1287","1287","0","0","0","1291","1291","1291","0","0","0","1285","1285","1285"
"257","0","0","0","1288","1288","1288","0","0","0","1292","1292","1292","0","0","0","1292","1292","1292","0","0","0","1296","1296","1296","0","0","0","1290","1290","1290"
"258","0","0","0","1293","1293","1293","0","0","0","1297","1297","1297","0","0","0","1297","1297","1297","0","0","0","1301","1301","1301","0","0","0","1295","1295","1295"
"259","0","0","0","1298","1298","1298","0","0","0","1302","1302","1302","0","0","0","1302","1302","1302","0","0","0","1306","1306","1306","0","0","0","1300","1300","1300"
"260","0","0","0","1303","1303","1303","0","0","0","1307","1307","1307","0","0","0","1307","1307","1307","0","0","0","1311","1311","1311","0","0","0","1305","1305","1305"
"261","0","0","0","1308","1308","1308","0","0","0","1312","1312","1312","0","0","0","1312","1312","1312","0","0","0","1316","1316","1316","0","0","0","1310","1310","1310"
"262","0","0","0","1313","1313","1313","0","0","0","1317","1317","1317","0","0","0","1317","1317","1317","0","0","0","1321","1321","1321","0","0","0","1315","1315","1315"
"263","0","0","0","1318","1318","1318","0","0","0","1322","1322","1322","0","0","0","1322","1322","1322","0","0","0","1326","1326","1326","0","0","0","1320","1320","1320"
"264","0","0","0","1323","1323","1323","0","0","0","1327","1327","1327","0","0","0","1327","1327","1327","0","0","0","1331","1331","1331","0","0","0","1325","1325","1325"
"265","0","0","0","1328","1328","1328","0","0","0","1332","1332","1332","0","0","0","1332","1332","1332","0","0","0","1336","1336","1336","0","0","0","1330","1330","1330"
"266","0","0","0","1333","1333","1333","0","0","0","1337","1337","1337","0","0","0","1337","1337","1337","0","0","0","1341","1341","1341","0","0","0","1335","1335","1335"
"267","0","0","0","1338","1338","1338","0","0","0","1342","1342","1342","0","0","0","1342","1342","1342","0","0","0","1346","1346","1346","0","0","0","1340","1340","1340"
"268","0","0","0","1343","1343","1343","0","0","0","1347","1347","1347","0","0","0","1347","1347","1347","0","0","0","1351","1351","1351","0","0","0","1345","1345","1345"
"269","0","0","0","1348","1348","1348","0","0","0","1352","1352","1352","0","0","0","1352","1352","1352","0","0","0","1356","1356","1356","0","0","0","1350","1350","1350"
"270","0","0","0","1353","1353","1353","0","0","0","1357","1357","1357","0","0","0","1357","1357","1357","0","0","0","1361","1361","1361","0","0","0","1355","1355","1355"
"271","0","0","0","1358","1358","1358","0","0","0","1362","1362","1362","0","0","0","1362","1362","1362","0","0","0","1366","1366","1366","0","0","0","1360","1360","1360"
"272","0","0","0","1363","1363","1363","0","0","0","1367","1367","1367","0","0","0","1367","1367","1367","0","0","0","1371","1371","1371","0","0","0","1365","1365","1365"
"273","0","0","0","1368","1368","1368","0","0","0","1372","1372","1372","0","0","0","1372","1372","1372","0","0","0","1376","1376","1376","0","0","0","1370","1370","1370"
"274","0","0","0","1373","1373","1373","0","0","0","1377","1377","1377","0","0","0","1377","1377","1377","0","0","0","1381","1381","1381","0","0","0","1375","1375","1375"
"275","0","0","0","1378","1378","1378","0","0","0","1382","1382","1382","0","0","0","1382","1382","1382","0","0","0","1386","1386","1386","0","0","0","1380","1380","1380"
"276","0","0","0","1383","1383","1383","0","0","0","1387","1387","1387","0","0","0","1387","1387","1387","0","0","0","1391","1391","1391","0","0","0","1385","1385","1385"
"277","0","0","0","1388","1388","1388","0","0","0","1392","1392","1392","0","0","0","1392","1392","1392","0","0","0","1396","1396","1396","0","0","0","1390","1390","1390"
"278","0","0","0","1393","1393","1393","0","0","0","1397","1397","1397","0","0","0","1397","1397","1397","0","0","0","1401","1401","1401","0","0","0","1395","1395","1395"
"279","0","0","0","1398","1398","1398","0","0","0","1402","1402","1402","0","0","0","1402","1402","1402","0","0","0","1406","1406","1406","0","0","0","1400","1400","1400"
"280","0","0","0","1403","1403","1403","0","0","0","1407","1407","1407","0","0","0","1407","1407","1407","0","0","0","1411","1411","1411","0","0","0","1405","1405","1405"
"281","0","0","0","1408","1408","1408","0","0","0","1412","1412","1412","0","0","0","1412","1412","1412","0","0","0","1416","1416","1416","0","0","0","1410","1410","1410"
"282","0","0","0","1413","1413","1413","0","0","0","1417","1417","1417","0","0","0","1417","1417","1417","0","0","0","1421","1421","1421","0","0","0","1415","1415","1415"
"283","0","0","0","1418","1418","1418","0","0","0","1422","1422","1422","0","0","0","1422","1422","1422","0","0","0","1426","1426","1426","0","0","0","1420","1420","1420"
"284","0","0","0","1423","1423","1423","0","0","0","1427","1427","1427","0","0","0","1427","1427","1427","0","0","0","1431","1431","1431","0","0","0","1425","1425","1425"
"285","0","0","0","1428","1428","1428","0","0","0","1432","1432","1432","0","0","0","1432","1432","1432","0","0","0","1436","1436","1436","0","0","0","1430","1430","1430"
"286","0","0","0","1433","1433","1433","0","0","0","1437","1437","1437","0","0","0","1437","1437","1437","0","0","0","1441","1441","1441","0","0","0","1435","1435","1435"
"287","0","0","0","1438","1438","1438","0","0","0","1442","1442","1442","0","0","0","1442","1442","1442","0","0","0","1446","1446","1446","0","0","0","1440","1440","1440"
"288","0","0","0","1443","1443","1443","0","0","0","1447","1447","1447","0","0","0","1447","1447","1447","0","0","0","1451","1451","1451","0","0","0","1445","1445","1445"
"289","0","0","0","1448","1448","1448","0","0","0","1452","1452","1452","0","0","0","1452","1452","1452","0","0","0","1456","1456","1456","0","0","0","1450","1450","1450"
"290","0","0","0","1453","1453","1453","0","0","0","1457","1457","1457","0","0","0","1457","1457","1457","0","0","0","1461","1461","1461","0","0","0","1455","1455","1455"
"291","0","0","0","1458","1458","1458","0","0","0","1462","1462","1462","0","0","0","1462","1462","1462","0","0","0","1466","1466","1466","0","0","0","1460","1460","1460"
"292","0","0","0","1463","1463","1463","0","0","0","1467","1467","1467","0","0","0","1467","1467","1467","0","0","0","1471","1471","1471","0","0","0","1465","1465","1465"
"293","0","0","0","1468","1468","1468","0","0","0","1472","1472","1472","0","0","0","1472","1472","1472","0","0","0","1476","1476","1476","0","0","0","1470","1470","1470"
"294","0","0","0","1473","1473","1473","0","0","0","1477","1477","1477","0","0","0","1477","1477","1477","0","0","0","1481","1481","1481","0","0","0","1475","1475","1475"
"295","0","0","0","1478","1478","1478","0","0","0","1482","1482","1482","0","0","0","1482","1482","1482","0","0","0","1486","1486","1486","0","0","0","1480","1480","1480"
"296","0","0","0","1483","1483","1483","0","0","0","1487","1487","1487","0","0","0","1487","1487","1487","0","0","0","1491","1491","1491","0","0","0","1485","1485","1485"
"297","0","0","0","1488","1488","1488","0","0","0","1492","1492","1492","0","0","0","1492","1492","1492","0","0","0","1496","1496","1496","0","0","0","1490","1490","1490"
"298","0","0","0","1493","1493","1493","0","0","0","1497","1497","1497","0","0","0","1497","1497","1497","0","0","0","1501","1501","1501","0","0","0","1495","1495","1495"
"299","0","0","0","1498","1498","1498","0","0","0","1502","1502","1502","0","0","0","1502","1502","1502","0","0","0","1506","1506","1506","0","0","0","1500","1500","1500"
"300","0","0","0","1503","1503","1503","0","0","0","1507","1507","1507","0","0","0","1507","1507","1507","0","0","0","1511","1511","1511","0","0","0","1505","1505","1505"
"301","0","0","0","1508","1508","1508","0","0","0","1512","1512","1512","0","0","0","1512","1512","1512","0","0","0","1516","1516","1516","0","0","0","1510","1510","1510"
"302","0","0","0","1513","1513","1513","0","0","0","1517","1517","1517","0","0","0","1517","1517","1517","0","0","0","1521","1521","1521","0","0","0","1515","1515","1515"
"303","0","0","0","1518","1518","1518","0","0","0","1522","1522","1522","0","0","0","1522","1522","1522","0","0","0","1526","1526","1526","0","0","0","1520","1520","1520"
"304","0","0","0","1523","1523","1523","0","0","0","1527","1527","1527","0","0","0","1527","1527","1527","0","0","0","1531","1531","1531","0","0","0","1525","1525","1525"
"305","0","0","0","1528","1528","1528","0","0","0","1532","1532","1532","0","0","0","1532","1532","1532","0","0","0","1536","1536","1536","0","0","0","1530","1530","1530"
"306","0","0","0","1533","1533","1533","0","0","0","1537","1537","1537","0","0","0","1537","1537","1537","0","0","0","1541","1541","1541","0","0","0","1535","1535","1535"
"307","0","0","0","1538","1538","1538","0","0","0","1542","1542","1542","0","0","0","1542","1542","1542","0","0","0","1546","1546","1546","0","0","0","1540","1540","1540"
"308","0","0","0","1543","1543","1543","0","0","0","1547","1547","1547","0","0","0","1547","1547","1547","0","0","0","1551","1551","1551","0","0","0","1545","1545","1545"
"309","0","0","0","1548","1548","1548","0","0","0","1552","1552","1552","0","0","0","1552","1552","1552","0","0","0","1556","1556","1556","0","0","0","1550","1550","1550"
"310","0","0","0","1553","1553","1553","0","0","0","1557","1557","1557","0","0","0","1557","1557","1557","0","0","0","1561","1561","1561","0","0","0","1555","1555","1555"
"311","0","0","0","1558","1558","1558","0","0","0","1562","1562","1562","0","0","0","1562","1562","1562","0","0","0","1566","1566","1566","0","0","0","1560","1560","1560"
"312","0","0","0","1563","1563","1563","0","0","0","1567","1567","1567","0","0","0","1567","1567","1567","0","0","0","1571","1571","1571","0","0","0","1565","1565","1565"
"313","0","0","0","1568","1568","1568","0","0","0","1572","1572","1572","0","0","0","1572","1572","1572","0","0","0","1576","1576","1576","0","0","0","1570","1570","1570"
"314","0","0","0","1573","1573","1573","0","0","0","1577","1577","1577","0","0","0","1577","1577","1577","0","0","0","1581","1581","1581","0","0","0","1575","1575","1575"
"315","0","0","0","1578","1578","1578","0","0","0","1582","1582","1582","0","0","0","1582","1582","1582","0","0","0","1586","1586","1586","0","0","0","1580","1580","1580"
"316","0","0","0","1583","1583","1583","0","0","0","1587","1587","1587","0","0","0","1587","1587","1587","0","0","0","1591","1591","1591","0","0","0","1585","1585","1585"
"317","0","0","0","1588","1588","1588","0","0","0","1592","1592","1592","0","0","0","1592","1592","1592","0","0","0","1596","1596","1596","0","0","0","1590","1590","1590"
"318","0","0","0","1593","1593","1593","0","0","0","1597","1597","1597","0","0","0","1597","1597","1597","0","0","0","1601","1601","1601","0","0","0","1595","1595","1595"
"319","0","0","0","1598","1598","1598","0","0","0","1602","1602","1602","0","0","0","1602","1602","1602","0","0","0","1606","1606","1606","0","0","0","1600","1600","1600"
"320","0","0","0","1603","1603","1603","0","0","0","1607","1607","1607","0","0","0","1607","1607","1607","0","0","0","1611","1611","1611","0","0","0","1605","1605","1605"
"321","0","0","0","1608","1608","1608","0","0","0","1612","1612","1612","0","0","0","1612","1612","1612","0","0","0","1616","1616","1616","0","0","0","1610","1610","1610"
"322","0","0","0","1613","1613","1613","0","0","0","1617","1617","1617","0","0","0","1617","1617","1617","0","0","0","1621","1621","1621","0","0","0","1615","1615","1615"
"323","0","0","0","1618","1618","1618","0","0","0","1622","1622","1622","0","0","0","1622","1622","1622","0","0","0","1626","1626","1626","0","0","0","1620","1620","1620"
"324","0","0","0","1623","1623","1623","0","0","0","1627","1627","1627","0","0","0","1627","1627","1627","0","0","0","1631","1631","1631","0","0","0","1625","1625","1625"
"325","0","0","0","1628","1628","1628","0","0","0","1632","1632","1632","0","0","0","1632","1632","1632","0","0","0","1636","1636","1636","0","0","0","1630","1630","1630"
"326","0","0","0","1633","1633","1633","0","0","0","1637","1637","1637","0","0","0","1637","1637","1637","0","0","0","1641","1641","1641","0","0","0","1635","1635","1635"
"327","0","0","0","1638","1638","1638","0","0","0","1642","1642","1642","0","0","0","1642","1642","1642","0","0","0","1646","1646","1646","0","0","0","1640","1640","1640"
"328","0","0","0","1643","1643","1643","0","0","0","1647","1647","1647","0","0","0","1647","1647","1647","0","0","0","1651","1651","1651","0","0","0","1645","1645","1645"
"329","0","0","0","1648","1648","1648","0","0","0","1652","1652","1652","0","0","0","1652","1652","1652","0","0","0","1656","1656","1656","0","0","0","1650","1650","1650"
"330","0","0","0","1653","1653","1653","0","0","0","1657","1657","1657","0","0","0","1657","1657","1657","0","0","0","1661","1661","1661","0","0","0","1655","1655","1655"
"331","0","0","0","1658","1658","1658","0","0","0","1662","1662","1662","0","0","0","1662","1662","1662","0","0","0","1666","1666","1666","0","0","0","1660","1660","1660"
"332","0","0","0","1663","1663","1663","0","0","0","1667","1667","1667","0","0","0","1667","1667","1667","0","0","0","1671","1671","1671","0","0","0","1665","1665","1665"
"333","0","0","0","1668","1668","1668","0","0","0","1672","1672","1672","0","0","0","1672","1672","1672","0","0","0","1676","1676","1676","0","0","0","1670","1670","1670"
"334","0","0","0","1673","1673","1673","0","0","0","1677","1677","1677","0","0","0","1677","1677","1677","0","0","0","1681","1681","1681","0","0","0","1675","1675","1675"
"335","0","0","0","1678","1678","1678","0","0","0","1682","1682","1682","0","0","0","1682","1682","1682","0","0","0","1686","1686","1686","0","0","0","1680","1680","1680"
"336","0","0","0","1683","1683","1683","0","0","0","1687","1687","1687","0","0","0","1687","1687","1687","0","0","0","1691","1691","1691","0","0","0","1685","1685","1685"
"337","0","0","0","1688","1688","1688","0","0","0","1692","1692","1692","0","0","0","1692","1692","1692","0","0","0","1696","1696","1696","0","0","0","1690","1690","1690"
"338","0","0","0","1693","1693","1693","0","0","0","1697","1697","1697","0","0","0","1697","1697","1697","0","0","0","1701","1701","1701","0","0","0","1695","1695","1695"
"339","0","0","0","1698","1698","1698","0","0","0","1702","1702","1702","0","0","0","1702","1702","1702","0","0","0","1706","1706","1706","0","0","0","1700","1700","1700"
"340","0","0","0","1703","1703","1703","0","0","0","1707","1707","1707","0","0","0","1707","1707","1707","0","0","0","1711","1711","1711","0","0","0","1705","1705","1705"
"341","0","0","0","1708","1708","1708","0","0","0","1712","1712","1712","0","0","0","1712","1712","1712","0","0","0","1716","1716","1716","0","0","0","1710","1710","1710"
"342","0","0","0","1713","1713","1713","0","0","0","1717","1717","1717","0","0","0","1717","1717","1717","0","0","0","1721","1721","1721","0","0","0","1715","1715","1715"
"343","0","0","0","1718","1718","1718","0","0","0","1722","1722","1722","0","0","0","1722","1722","1722","0","0","0","1726","1726","1726","0","0","0","1720","1720","1720"
"344","0","0","0","1723","1723","1723","0","0","0","1727","1727","1727","0","0","0","1727","1727","1727","0","0","0","1731","1731","1731","0","0","0","1725","1725","1725"
"345","0","0","0","1728","1728","1728","0","0","0","1732","1732","1732","0","0","0","1732","1732","1732","0","0","0","1736","1736","1736","0","0","0","1730","1730","1730"
"346","0","0","0","1733","1733","1733","0","0","0","1737","1737","1737","0","0","0","1737","1737","1737","0","0","0","1741","1741","1741","0","0","0","1735","1735","1735"
"347","0","0","0","1738","1738","1738","0","0","0","1742","1742","1742","0","0","0","1742","1742","1742","0","0","0","1746","1746","1746","0","0","0","1740","1740","1740"
"348","0","0","0","1743","1743","1743","0","0","0","1747","1747","1747","0","0","0","1747","1747","1747","0","0","0","1751","1751","1751","0","0","0","1745","1745","1745"
"349","0","0","0","1748","1748","1748","0","0","0","1752","1752","1752","0","0","0","1752","1752","1752","0","0","0","1756","1756","1756","0","0","0","1750","1750","1750"
"350","0","0","0","1753","1753","1753","0","0","0","1757","1757","1757","0","0","0","1757","1757","1757","0","0","0","1761","1761","1761","0","0","0","1755","1755","1755"
"351","0","0","0","1758","1758","1758","0","0","0","1762","1762","1762","0","0","0","1762","1762","1762","0","0","0","1766","1766","1766","0","0","0","1760","1760","1760"
"352","0","0","0","1763","1763","1763","0","0","0","1767","1767","1767","0","0","0","1767","1767","1767","0","0","0","1771","1771","1771","0","0","0","1765","1765","1765"
"353","0","0","0","1768","1768","1768","0","0","0","1772","1772","1772","0","0","0","1772","1772","1772","0","0","0","1776","1776","1776","0","0","0","1770","1770","1770"
"354","0","0","0","1773","1773","1773","0","0","0","1777","1777","1777","0","0","0","1777","1777","1777","0","0","0","1781","1781","1781","0","0","0","1775","1775","1775"
"355","0","0","0","1778","1778","1778","0","0","0","1782","1782","1782","0","0","0","1782","1782","1782","0","0","0","1786","1786","1786","0","0","0","1780","1780","1780"
"356","0","0","0","1783","1783","1783","0","0","0","1787","1787","1787","0","0","0","1787","1787","1787","0","0","0","1791","1791","1791","0","0","0","1785","1785","1785"
"357","0","0","0","1788","1788","1788","0","0","0","1792","1792","1792","0","0","0","1792","1792","1792","0","0","0","1796","1796","1796","0","0","0","1790","1790","1790"
"358","0","0","0","1793","1793","1793","0","0","0","1797","1797","1797","0","0","0","1797","1797","1797","0","0","0","1801","1801","1801","0","0","0","1795","1795","1795"
"359","0","0","0","1798","1798","1798","0","0","0","1802","1802","1802","0","0","0","1802","1802","1802","0","0","0","1806","1806","1806","0","0","0","1800","1800","1800"
"360","0","0","0","1803","1803","1803","0","0","0","1807","1807","1807","0","0","0","1807","1807","1807","0","0","0","1811","1811","1811","0","0","0","1805","1805","1805"
"361","0","0","0","1808","1808","1808","0","0","0","1812","1812","1812","0","0","0","1812","1812","1812","0","0","0","1816","1816","1816","0","0","0","1810","1810","1810"
"362","0","0","0","1813","1813","1813","0","0","0","1817","1817","1817","0","0","0","1817","1817","1817","0","0","0","1821","1821","1821","0","0","0","1815","1815","1815"
"363","0","0","0","1818","1818","1818","0","0","0","1822","1822","1822","0","0","0","1822","1822","1822","0","0","0","1826","1826","1826","0","0","0","1820","1820","1820"
"364","0","0","0","1823","1823","1823","0","0","0","1827","1827","1827","0","0","0","1827","1827","1827","0","0","0","1831","1831","1831","0","0","0","1825","1825","1825"
"365","0","0","0","1828","1828","1828","0","0","0","1832","1832","1832","0","0","0","1832","1832","1832","0","0","0","1836","1836","1836","0","0","0","1830","1830","1830"
"366","0","0","0","1833","1833","1833","0","0","0","1837","1837","1837","0","0","0","1837","1837","1837","0","0","0","1841","1841","1841","0","0","0","1835","1835","1835"
"367","0","0","0","1838","1838","1838","0","0","0","1842","1842","1842","0","0","0","1842","1842","1842","0","0","0","1846","1846","1846","0","0","0","1840","1840","1840"
"368","0","0","0","1843","1843","1843","0","0","0","1847","1847","1847","0","0","0","1847","1847","1847","0","0","0","1851","1851","1851","0","0","0","1845","1845","1845"
"369","0","0","0","1848","1848","1848","0","0","0","1852","1852","1852","0","0","0","1852","1852","1852","0","0","0","1856","1856","1856","0","0","0","1850","1850","1850"
"370","0","0","0","1853","1853","1853","0","0","0","1857","1857","1857","0","0","0","1857","1857","1857","0","0","0","1861","1861","1861","0","0","0","1855","1855","1855"
"371","0","0","0","1858","1858","1858","0","0","0","1862","1862","1862","0","0","0","1862","1862","1862","0","0","0","1866","1866","1866","0","0","0","1860","1860","1860"
"372","0","0","0","1863","1863","1863","0","0","0","1867","1867","1867","0","0","0","1867","1867","1867","0","0","0","1871","1871","1871","0","0","0","1865","1865","1865"
"373","0","0","0","1868","1868","1868","0","0","0","1872","1872","1872","0","0","0","1872","1872","1872","0","0","0","1876","1876","1876","0","0","0","1870","1870","1870"
"374","0","0","0","1873","1873","1873","0","0","0","1877","1877","1877","0","0","0","1877","1877","1877","0","0","0","1881","1881","1881","0","0","0","1875","1875","1875"
"375","0","0","0","1878","1878","1878","0","0","0","1882","1882","1882","0","0","0","1882","1882","1882","0","0","0","1886","1886","1886","0","0","0","1880","1880","1880"
"376","0","0","0","1883","1883","1883","0","0","0","1887","1887","1887","0","0","0","1887","1887","1887","0","0","0","1891","1891","1891","0","0","0","1885","1885","1885"
"377","0","0","0","1888","1888","1888","0","0","0","1892","1892","1892","0","0","0","1892","1892","1892","0","0","0","1896","1896","1896","0","0","0","1890","1890","1890"
"378","0","0","0","1893","1893","1893","0","0","0","1897","1897","1897","0","0","0","1897","1897","1897","0","0","0","1901","1901","1901","0","0","0","1895","1895","1895"
"379","0","0","0","1898","1898","1898","0","0","0","1902","1902","1902","0","0","0","1902","1902","1902","0","0","0","1906","1906","1906","0","0","0","1900","1900","1900"
"380","0","0","0","1903","1903","1903","0","0","0","1907","1907","1907","0","0","0","1907","1907","1907","0","0","0","1911","1911","1911","0","0","0","1905","1905","1905"
"381","0","0","0","1908","1908","1908","0","0","0","1912","1912","1912","0","0","0","1912","1912","1912","0","0","0","1916","1916","1916","0","0","0","1910","1910","1910"
"382","0","0","0","1913","1913","1913","0","0","0","1917","1917","1917","0","0","0","1917","1917","1917","0","0","0","1921","1921","1921","0","0","0","1915","1915","1915"
"383","0","0","0","1918","1918","1918","0","0","0","1922","1922","1922","0","0","0","1922","1922","1922","0","0","0","1926","1926","1926","0","0","0","1920","1920","1920"
"384","0","0","0","1923","1923","1923","0","0","0","1927","1927","1927","0","0","0","1927","1927","1927","0","0","0","1931","1931","1931","0","0","0","1925","1925","1925"
"385","0","0","0","1928","1928","1928","0","0","0","1932","1932","1932","0","0","0","1932","1932","1932","0","0","0","1936","1936","1936","0","0","0","1930","1930","1930"
"386","0","0","0","1933","1933","1933","0","0","0","1937","1937","1937","0","0","0","1937","1937","1937","0","0","0","1941","1941","1941","0","0","0","1935","1935","1935"
"387","0","0","0","1938","1938","1938","0","0","0","1942","1942","1942","0","0","0","1942","1942","1942","0","0","0","1946","1946","1946","0","0","0","1940","1940","1940"
"388","0","0","0","1943","1943","1943","0","0","0","1947","1947","1947","0","0","0","1947","1947","1947","0","0","0","1951","1951","1951","0","0","0","1945","1945","1945"
"389","0","0","0","1948","1948","1948","0","0","0","1952","1952","1952","0","0","0","1952","1952","1952","0","0","0","1956","1956","1956","0","0","0","1950","1950","1950"
"390","0","0","0","1953","1953","1953","0","0","0","1957","1957","1957","0","0","0","1957","1957","1957","0","0","0","1961","1961","1961","0","0","0","1955","1955","1955"
"391","0","0","0","1958","1958","1958","0","0","0","1962","1962","1962","0","0","0","1962","1962","1962","0","0","0","1966","1966","1966","0","0","0","1960","1960","1960"
"392","0","0","0","1963","1963","1963","0","0","0","1967","1967","1967","0","0","0","1967","1967","1967","0","0","0","1971","1971","1971","0","0","0","1965","1965","1965"
"393","0","0","0","1968","1968","1968","0","0","0","1972","1972","1972","0","0","0","1972","1972","1972","0","0","0","1976","1976","1976","0","0","0","1970","1970","1970"
"394","0","0","0","1973","1973","1973","0","0","0","1977","1977","1977","0","0","0","1977","1977","1977","0","0","0","1981","1981","1981","0","0","0","1975","1975","1975"
"395","0","0","0","1978","1978","1978","0","0","0","1982","1982","1982","0","0","0","1982","1982","1982","0","0","0","1986","1986","1986","0","0","0","1980","1980","1980"
"396","0","0","0","1983","1983","1983","0","0","0","1987","1987","1987","0","0","0","1987","1987","1987","0","0","0","1991","1991","1991","0","0","0","1985","1985","1985"
"397","0","0","0","1988","1988","1988","0","0","0","1992","1992","1992","0","0","0","1992","1992","1992","0","0","0","1996","1996","1996","0","0","0","1990","1990","1990"
"398","0","0","0","1993","1993","1993","0","0","0","1997","1997","1997","0","0","0","1997","1997","1997","0","0","0","2001","2001","2001","0","0","0","1995","1995","1995"
"399","0","0","0","1998","1998","1998","0","0","0","2002","2002","2002","0","0","0","2002","2002","2002","0","0","0","2006","2006","2006","0","0","0","2000","2000","2000"
"400","0","0","0","2003","2003","2003","0","0","0","2007","2007","2007","0","0","0","2007","2007","2007","0","0","0","2011","2011","2011","0","0","0","2005","2005","2005"
"401","0","0","0","2008","2008","2008","0","0","0","2012","2012","2012","0","0","0","2012","2012","2012","0","0","0","2016","2016","2016","0","0","0","2010","2010","2010"
"402","0","0","0","2013","2013","2013","0","0","0","2017","2017","2017","0","0","0","2017","2017","2017","0","0","0","2021","2021","2021","0","0","0","2015","2015","2015"
"403","0","0","0","2018","2018","2018","0","0","0","2022","2022","2022","0","0","0","2022","2022","2022","0","0","0","2026","2026","2026","0","0","0","2020","2020","2020"
"404","0","0","0","2023","2023","2023","0","0","0","2027","2027","2027","0","0","0","2027","2027","2027","0","0","0","2031","2031","2031","0","0","0","2025","2025","2025"
"405","0","0","0","2028","2028","2028","0","0","0","2032","2032","2032","0","0","0","2032","2032","2032","0","0","0","2036","2036","2036","0","0","0","2030","2030","2030"
"406","0","0","0","2033","2033","2033","0","0","0","2037","2037","2037","0","0","0","2037","2037","2037","0","0","0","2041","2041","2041","0","0","0","2035","2035","2035"
"407","0","0","0","2038","2038","2038","0","0","0","2042","2042","2042","0","0","0","2042","2042","2042","0","0","0","2046","2046","2046","0","0","0","2040","2040","2040"
"408","0","0","0","2043","2043","2043","0","0","0","2047","2047","2047","0","0","0","2047","2047","2047","0","0","0","2051","2051","2051","0","0","0","2045","2045","2045"
"409","0","0","0","2048","2048","2048","0","0","0","2052","2052","2052","0","0","0","2052","2052","2052","0","0","0","2056","2056","2056","0","0","0","2050","2050","2050"
"410","0","0","0","2053","2053","2053","0","0","0","2057","2057","2057","0","0","0","2057","2057","2057","0","0","0","2061","2061","2061","0","0","0","2055","2055","2055"
"411","0","0","0","2058","2058","2058","0","0","0","2062","2062","2062","0","0","0","2062","2062","2062","0","0","0","2066","2066","2066","0","0","0","2060","2060","2060"
"412","0","0","0","2063","2063","2063","0","0","0","2067","2067","2067","0","0","0","2067","2067","2067","0","0","0","2071","2071","2071","0","0","0","2065","2065","2065"
"413","0","0","0","2068","2068","2068","0","0","0","2072","2072","2072","0","0","0","2072","2072","2072","0","0","0","2076","2076","2076","0","0","0","2070","2070","2070"
"414","0","0","0","2073","2073","2073","0","0","0","2077","2077","2077","0","0","0","2077","2077","2077","0","0","0","2081","2081","2081","0","0","0","2075","2075","2075"
"415","0","0","0","2078","2078","2078","0","0","0","2082","2082","2082","0","0","0","2082","2082","2082","0","0","0","2086","2086","2086","0","0","0","2080","2080","2080"
"416","0","0","0","2083","2083","2083","0","0","0","2087","2087","2087","0","0","0","2087","2087","2087","0","0","0","2091","2091","2091","0","0","0","2085","2085","2085"
"417","0","0","0","2088","2088","2088","0","0","0","2092","2092","2092","0","0","0","2092","2092","2092","0","0","0","2096","2096","2096","0","0","0","2090","2090","2090"
"418","0","0","0","2093","2093","2093","0","0","0","2097","2097","2097","0","0","0","2097","2097","2097","0","0","0","2101","2101","2101","0","0","0","2095","2095","2095"
"419","0","0","0","2098","2098","2098","0","0","0","2102","2102","2102","0","0","0","2102","2102","2102","0","0","0","2106","2106","2106","0","0","0","2100","2100","2100"
"420","0","0","0","2103","2103","2103","0","0","0","2107","2107","2107","0","0","0","2107","2107","2107","0","0","0","2111","2111","2111","0","0","0","2105","2105","2105"
"421","0","0","0","2108","2108","2108","0","0","0","2112","2112","2112","0","0","0","2112","2112","2112","0","0","0","2116","2116","2116","0","0","0","2110","2110","2110"
"422","0","0","0","2113","2113","2113","0","0","0","2117","2117","2117","0","0","0","2117","2117","2117","0","0","0","2121","2121","2121","0","0","0","2115","2115","2115"
"423","0","0","0","2118","2118","2118","0","0","0","2122","2122","2122","0","0","0","2122","2122","2122","0","0","0","2126","2126","2126","0","0","0","2120","2120","2120"
"424","0","0","0","2123","2123","2123","0","0","0","2127","2127","2127","0","0","0","2127","2127","2127","0","0","0","2131","2131","2131","0","0","0","2125","2125","2125"
"425","0","0","0","2128","2128","2128","0","0","0","2132","2132","2132","0","0","0","2132","2132","2132","0","0","0","2136","2136","2136","0","0","0","2130","2130","2130"
"426","0","0","0","2133","2133","2133","0","0","0","2137","2137","2137","0","0","0","2137","2137","2137","0","0","0","2141","2141","2141","0","0","0","2135","2135","2135"
"427","0","0","0","2138","2138","2138","0","0","0","2142","2142","2142","0","0","0","2142","2142","2142","0","0","0","2146","2146","2146","0","0","0","2140","2140","2140"
"428","0","0","0","2143","2143","2143","0","0","0","2147","2147","2147","0","0","0","2147","2147","2147","0","0","0","2151","2151","2151","0","0","0","2145","2145","2145"
"429","0","0","0","2148","2148","2148","0","0","0","2152","2152","2152","0","0","0","2152","2152","2152","0","0","0","2156","2156","2156","0","0","0","2150","2150","2150"
"430","0","0","0","2153","2153","2153","0","0","0","2157","2157","2157","0","0","0","2157","2157","2157","0","0","0","2161","2161","2161","0","0","0","2155","2155","2155"
"431","0","0","0","2158","2158","2158","0","0","0","2162","2162","2162","0","0","0","2162","2162","2162","0","0","0","2166","2166","2166","0","0","0","2160","2160","2160"
"432","0","0","0","2163","2163","2163","0","0","0","2167","2167","2167","0","0","0","2167","2167","2167","0","0","0","2171","2171","2171","0","0","0","2165","2165","2165"
"433","0","0","0","2168","2168","2168","0","0","0","2172","2172","2172","0","0","0","2172","2172","2172","0","0","0","2176","2176","2176","0","0","0","2170","2170","2170"
"434","0","0","0","2173","2173","2173","0","0","0","2177","2177","2177","0","0","0","2177","2177","2177","0","0","0","2181","2181","2181","0","0","0","2175","2175","2175"
"435","0","0","0","2178","2178","2178","0","0","0","2182","2182","2182","0","0","0","2182","2182","2182","0","0","0","2186","2186","2186","0","0","0","2180","2180","2180"
"436","0","0","0","2183","2183","2183","0","0","0","2187","2187","2187","0","0","0","2187","2187","2187","0","0","0","2191","2191","2191","0","0","0","2185","2185","2185"
"437","0","0","0","2188","2188","2188","0","0","0","2192","2192","2192","0","0","0","2192","2192","2192","0","0","0","2196","2196","2196","0","0","0","2190","2190","2190"
"438","0","0","0","2193","2193","2193","0","0","0","2197","2197","2197","0","0","0","2197","2197","2197","0","0","0","2201","2201","2201","0","0","0","2195","2195","2195"
"439","0","0","0","2198","2198","2198","0","0","0","2202","2202","2202","0","0","0","2202","2202","2202","0","0","0","2206","2206","2206","0","0","0","2200","2200","2200"
"440","0","0","0","2203","2203","2203","0","0","0","2207","2207","2207","0","0","0","2207","2207","2207","0","0","0","2211","2211","2211","0","0","0","2205","2205","2205"
"441","0","0","0","2208","2208","2208","0","0","0","2212","2212","2212","0","0","0","2212","2212","2212","0","0","0","2216","2216","2216","0","0","0","2210","2210","2210"
"442","0","0","0","2213","2213","2213","0","0","0","2217","2217","2217","0","0","0","2217","2217","2217","0","0","0","2221","2221","2221","0","0","0","2215","2215","2215"
"443","0","0","0","2218","2218","2218","0","0","0","2222","2222","2222","0","0","0","2222","2222","2222","0","0","0","2226","2226","2226","0","0","0","2220","2220","2220"
"444","0","0","0","2223","2223","2223","0","0","0","2227","2227","2227","0","0","0","2227","2227","2227","0","0","0","2231","2231","2231","0","0","0","2225","2225","2225"
"445","0","0","0","2228","2228","2228","0","0","0","2232","2232","2232","0","0","0","2232","2232","2232","0","0","0","2236","2236","2236","0","0","0","2230","2230","2230"
"446","0","0","0","2233","2233","2233","0","0","0","2237","2237","2237","0","0","0","2237","2237","2237","0","0","0","2241","2241","2241","0","0","0","2235","2235","2235"
"447","0","0","0","2238","2238","2238","0","0","0","2242","2242","2242","0","0","0","2242","2242","2242","0","0","0","2246","2246","2246","0","0","0","2240","2240","2240"
"448","0","0","0","2243","2243","2243","0","0","0","2247","2247","2247","0","0","0","2247","2247","2247","0","0","0","2251","2251","2251","0","0","0","2245","2245","2245"
"449","0","0","0","2248","2248","2248","0","0","0","2252","2252","2252","0","0","0","2252","2252","2252","0","0","0","2256","2256","2256","0","0","0","2250","2250","2250"