"Evaluate/step_episode","test_ppolag_filter_dis_49600_2025-08-08_13-49-16_1.0 - _step","test_ppolag_filter_dis_49600_2025-08-08_13-49-16_1.0 - _step__MIN","test_ppolag_filter_dis_49600_2025-08-08_13-49-16_1.0 - _step__MAX","test_ppolag_filter_dis_49600_2025-08-08_13-49-16_1.0 - Evaluate/EpEnvLen","test_ppolag_filter_dis_49600_2025-08-08_13-49-16_1.0 - Evaluate/EpEnvLen__MIN","test_ppolag_filter_dis_49600_2025-08-08_13-49-16_1.0 - Evaluate/EpEnvLen__MAX","test_rl_filter_49600_2025-07-20_12-17-12_1.0 - _step","test_rl_filter_49600_2025-07-20_12-17-12_1.0 - _step__MIN","test_rl_filter_49600_2025-07-20_12-17-12_1.0 - _step__MAX","test_rl_filter_49600_2025-07-20_12-17-12_1.0 - Evaluate/EpEnvLen","test_rl_filter_49600_2025-07-20_12-17-12_1.0 - Evaluate/EpEnvLen__MIN","test_rl_filter_49600_2025-07-20_12-17-12_1.0 - Evaluate/EpEnvLen__MAX","test_ppolag_filter_dis_49600_2025-08-08_13-49-16_0.9 - _step","test_ppolag_filter_dis_49600_2025-08-08_13-49-16_0.9 - _step__MIN","test_ppolag_filter_dis_49600_2025-08-08_13-49-16_0.9 - _step__MAX","test_ppolag_filter_dis_49600_2025-08-08_13-49-16_0.9 - Evaluate/EpEnvLen","test_ppolag_filter_dis_49600_2025-08-08_13-49-16_0.9 - Evaluate/EpEnvLen__MIN","test_ppolag_filter_dis_49600_2025-08-08_13-49-16_0.9 - Evaluate/EpEnvLen__MAX","test_rl_filter_49600_2025-07-20_12-17-12_0.9 - _step","test_rl_filter_49600_2025-07-20_12-17-12_0.9 - _step__MIN","test_rl_filter_49600_2025-07-20_12-17-12_0.9 - _step__MAX","test_rl_filter_49600_2025-07-20_12-17-12_0.9 - Evaluate/EpEnvLen","test_rl_filter_49600_2025-07-20_12-17-12_0.9 - Evaluate/EpEnvLen__MIN","test_rl_filter_49600_2025-07-20_12-17-12_0.9 - Evaluate/EpEnvLen__MAX","test_ppolag_filter_dis_49600_2025-08-08_13-49-16_0.8 - _step","test_ppolag_filter_dis_49600_2025-08-08_13-49-16_0.8 - _step__MIN","test_ppolag_filter_dis_49600_2025-08-08_13-49-16_0.8 - _step__MAX","test_ppolag_filter_dis_49600_2025-08-08_13-49-16_0.8 - Evaluate/EpEnvLen","test_ppolag_filter_dis_49600_2025-08-08_13-49-16_0.8 - Evaluate/EpEnvLen__MIN","test_ppolag_filter_dis_49600_2025-08-08_13-49-16_0.8 - Evaluate/EpEnvLen__MAX","test_rl_filter_49600_2025-07-20_12-17-12_0.8 - _step","test_rl_filter_49600_2025-07-20_12-17-12_0.8 - _step__MIN","test_rl_filter_49600_2025-07-20_12-17-12_0.8 - _step__MAX","test_rl_filter_49600_2025-07-20_12-17-12_0.8 - Evaluate/EpEnvLen","test_rl_filter_49600_2025-07-20_12-17-12_0.8 - Evaluate/EpEnvLen__MIN","test_rl_filter_49600_2025-07-20_12-17-12_0.8 - Evaluate/EpEnvLen__MAX","test_ppolag_filter_dis_49600_2025-08-08_13-49-16_0.7 - _step","test_ppolag_filter_dis_49600_2025-08-08_13-49-16_0.7 - _step__MIN","test_ppolag_filter_dis_49600_2025-08-08_13-49-16_0.7 - _step__MAX","test_ppolag_filter_dis_49600_2025-08-08_13-49-16_0.7 - Evaluate/EpEnvLen","test_ppolag_filter_dis_49600_2025-08-08_13-49-16_0.7 - Evaluate/EpEnvLen__MIN","test_ppolag_filter_dis_49600_2025-08-08_13-49-16_0.7 - Evaluate/EpEnvLen__MAX","test_rl_filter_49600_2025-07-20_12-17-12_0.7 - _step","test_rl_filter_49600_2025-07-20_12-17-12_0.7 - _step__MIN","test_rl_filter_49600_2025-07-20_12-17-12_0.7 - _step__MAX","test_rl_filter_49600_2025-07-20_12-17-12_0.7 - Evaluate/EpEnvLen","test_rl_filter_49600_2025-07-20_12-17-12_0.7 - Evaluate/EpEnvLen__MIN","test_rl_filter_49600_2025-07-20_12-17-12_0.7 - Evaluate/EpEnvLen__MAX","test_ppolag_filter_dis_49600_2025-08-08_13-49-16_0.6 - _step","test_ppolag_filter_dis_49600_2025-08-08_13-49-16_0.6 - _step__MIN","test_ppolag_filter_dis_49600_2025-08-08_13-49-16_0.6 - _step__MAX","test_ppolag_filter_dis_49600_2025-08-08_13-49-16_0.6 - Evaluate/EpEnvLen","test_ppolag_filter_dis_49600_2025-08-08_13-49-16_0.6 - Evaluate/EpEnvLen__MIN","test_ppolag_filter_dis_49600_2025-08-08_13-49-16_0.6 - Evaluate/EpEnvLen__MAX","test_rl_filter_49600_2025-07-20_12-17-12_0.6 - _step","test_rl_filter_49600_2025-07-20_12-17-12_0.6 - _step__MIN","test_rl_filter_49600_2025-07-20_12-17-12_0.6 - _step__MAX","test_rl_filter_49600_2025-07-20_12-17-12_0.6 - Evaluate/EpEnvLen","test_rl_filter_49600_2025-07-20_12-17-12_0.6 - Evaluate/EpEnvLen__MIN","test_rl_filter_49600_2025-07-20_12-17-12_0.6 - Evaluate/EpEnvLen__MAX","test_ppolag_filter_dis_49600_2025-08-08_13-49-16_0.5 - _step","test_ppolag_filter_dis_49600_2025-08-08_13-49-16_0.5 - _step__MIN","test_ppolag_filter_dis_49600_2025-08-08_13-49-16_0.5 - _step__MAX","test_ppolag_filter_dis_49600_2025-08-08_13-49-16_0.5 - Evaluate/EpEnvLen","test_ppolag_filter_dis_49600_2025-08-08_13-49-16_0.5 - Evaluate/EpEnvLen__MIN","test_ppolag_filter_dis_49600_2025-08-08_13-49-16_0.5 - Evaluate/EpEnvLen__MAX","test_rl_filter_49600_2025-07-20_12-17-12_0.5 - _step","test_rl_filter_49600_2025-07-20_12-17-12_0.5 - _step__MIN","test_rl_filter_49600_2025-07-20_12-17-12_0.5 - _step__MAX","test_rl_filter_49600_2025-07-20_12-17-12_0.5 - Evaluate/EpEnvLen","test_rl_filter_49600_2025-07-20_12-17-12_0.5 - Evaluate/EpEnvLen__MIN","test_rl_filter_49600_2025-07-20_12-17-12_0.5 - Evaluate/EpEnvLen__MAX","test_ppolag_filter_dis_49600_2025-08-08_13-49-16_0.4 - _step","test_ppolag_filter_dis_49600_2025-08-08_13-49-16_0.4 - _step__MIN","test_ppolag_filter_dis_49600_2025-08-08_13-49-16_0.4 - _step__MAX","test_ppolag_filter_dis_49600_2025-08-08_13-49-16_0.4 - Evaluate/EpEnvLen","test_ppolag_filter_dis_49600_2025-08-08_13-49-16_0.4 - Evaluate/EpEnvLen__MIN","test_ppolag_filter_dis_49600_2025-08-08_13-49-16_0.4 - Evaluate/EpEnvLen__MAX","test_rl_filter_49600_2025-07-20_12-17-12_0.4 - _step","test_rl_filter_49600_2025-07-20_12-17-12_0.4 - _step__MIN","test_rl_filter_49600_2025-07-20_12-17-12_0.4 - _step__MAX","test_rl_filter_49600_2025-07-20_12-17-12_0.4 - Evaluate/EpEnvLen","test_rl_filter_49600_2025-07-20_12-17-12_0.4 - Evaluate/EpEnvLen__MIN","test_rl_filter_49600_2025-07-20_12-17-12_0.4 - Evaluate/EpEnvLen__MAX","test_ppolag_filter_dis_49600_2025-08-08_13-49-16_0.3 - _step","test_ppolag_filter_dis_49600_2025-08-08_13-49-16_0.3 - _step__MIN","test_ppolag_filter_dis_49600_2025-08-08_13-49-16_0.3 - _step__MAX","test_ppolag_filter_dis_49600_2025-08-08_13-49-16_0.3 - Evaluate/EpEnvLen","test_ppolag_filter_dis_49600_2025-08-08_13-49-16_0.3 - Evaluate/EpEnvLen__MIN","test_ppolag_filter_dis_49600_2025-08-08_13-49-16_0.3 - Evaluate/EpEnvLen__MAX","test_rl_filter_49600_2025-07-20_12-17-12_0.3 - _step","test_rl_filter_49600_2025-07-20_12-17-12_0.3 - _step__MIN","test_rl_filter_49600_2025-07-20_12-17-12_0.3 - _step__MAX","test_rl_filter_49600_2025-07-20_12-17-12_0.3 - Evaluate/EpEnvLen","test_rl_filter_49600_2025-07-20_12-17-12_0.3 - Evaluate/EpEnvLen__MIN","test_rl_filter_49600_2025-07-20_12-17-12_0.3 - Evaluate/EpEnvLen__MAX","test_ppolag_filter_dis_49600_2025-08-08_13-49-16_0.2 - _step","test_ppolag_filter_dis_49600_2025-08-08_13-49-16_0.2 - _step__MIN","test_ppolag_filter_dis_49600_2025-08-08_13-49-16_0.2 - _step__MAX","test_ppolag_filter_dis_49600_2025-08-08_13-49-16_0.2 - Evaluate/EpEnvLen","test_ppolag_filter_dis_49600_2025-08-08_13-49-16_0.2 - Evaluate/EpEnvLen__MIN","test_ppolag_filter_dis_49600_2025-08-08_13-49-16_0.2 - Evaluate/EpEnvLen__MAX","test_rl_filter_49600_2025-07-20_12-17-12_0.2 - _step","test_rl_filter_49600_2025-07-20_12-17-12_0.2 - _step__MIN","test_rl_filter_49600_2025-07-20_12-17-12_0.2 - _step__MAX","test_rl_filter_49600_2025-07-20_12-17-12_0.2 - Evaluate/EpEnvLen","test_rl_filter_49600_2025-07-20_12-17-12_0.2 - Evaluate/EpEnvLen__MIN","test_rl_filter_49600_2025-07-20_12-17-12_0.2 - Evaluate/EpEnvLen__MAX","test_ppolag_filter_dis_49600_2025-08-08_13-49-16_0.1 - _step","test_ppolag_filter_dis_49600_2025-08-08_13-49-16_0.1 - _step__MIN","test_ppolag_filter_dis_49600_2025-08-08_13-49-16_0.1 - _step__MAX","test_ppolag_filter_dis_49600_2025-08-08_13-49-16_0.1 - Evaluate/EpEnvLen","test_ppolag_filter_dis_49600_2025-08-08_13-49-16_0.1 - Evaluate/EpEnvLen__MIN","test_ppolag_filter_dis_49600_2025-08-08_13-49-16_0.1 - Evaluate/EpEnvLen__MAX","test_rl_filter_49600_2025-07-20_12-17-12_0.1 - _step","test_rl_filter_49600_2025-07-20_12-17-12_0.1 - _step__MIN","test_rl_filter_49600_2025-07-20_12-17-12_0.1 - _step__MAX","test_rl_filter_49600_2025-07-20_12-17-12_0.1 - Evaluate/EpEnvLen","test_rl_filter_49600_2025-07-20_12-17-12_0.1 - Evaluate/EpEnvLen__MIN","test_rl_filter_49600_2025-07-20_12-17-12_0.1 - Evaluate/EpEnvLen__MAX","test_ppolag_filter_dis_49600_2025-08-08_13-49-16_0.0 - _step","test_ppolag_filter_dis_49600_2025-08-08_13-49-16_0.0 - _step__MIN","test_ppolag_filter_dis_49600_2025-08-08_13-49-16_0.0 - _step__MAX","test_ppolag_filter_dis_49600_2025-08-08_13-49-16_0.0 - Evaluate/EpEnvLen","test_ppolag_filter_dis_49600_2025-08-08_13-49-16_0.0 - Evaluate/EpEnvLen__MIN","test_ppolag_filter_dis_49600_2025-08-08_13-49-16_0.0 - Evaluate/EpEnvLen__MAX","test_rl_filter_49600_2025-07-20_12-17-12_0.0 - _step","test_rl_filter_49600_2025-07-20_12-17-12_0.0 - _step__MIN","test_rl_filter_49600_2025-07-20_12-17-12_0.0 - _step__MAX","test_rl_filter_49600_2025-07-20_12-17-12_0.0 - Evaluate/EpEnvLen","test_rl_filter_49600_2025-07-20_12-17-12_0.0 - Evaluate/EpEnvLen__MIN","test_rl_filter_49600_2025-07-20_12-17-12_0.0 - Evaluate/EpEnvLen__MAX"
"0","4","4","4","1733","1733","1733","3","3","3","1684","1684","1684","4","4","4","1733","1733","1733","3","3","3","2285","2285","2285","4","4","4","1733","1733","1733","3","3","3","2499","2499","2499","4","4","4","1733","1733","1733","3","3","3","2499","2499","2499","4","4","4","1733","1733","1733","3","3","3","2499","2499","2499","4","4","4","1733","1733","1733","3","3","3","2499","2499","2499","4","4","4","1733","1733","1733","3","3","3","2499","2499","2499","4","4","4","1733","1733","1733","3","3","3","2499","2499","2499","4","4","4","1733","1733","1733","3","3","3","2499","2499","2499","4","4","4","1733","1733","1733","3","3","3","2499","2499","2499","4","4","4","1733","1733","1733","3","3","3","2499","2499","2499"
"1","10","10","10","1637","1637","1637","8","8","8","1574","1574","1574","10","10","10","1637","1637","1637","8","8","8","1720","1720","1720","10","10","10","1637","1637","1637","8","8","8","2288","2288","2288","10","10","10","1637","1637","1637","8","8","8","2499","2499","2499","10","10","10","1637","1637","1637","8","8","8","2499","2499","2499","10","10","10","1637","1637","1637","8","8","8","2499","2499","2499","10","10","10","1637","1637","1637","8","8","8","2499","2499","2499","10","10","10","1637","1637","1637","8","8","8","2499","2499","2499","10","10","10","1637","1637","1637","8","8","8","2499","2499","2499","10","10","10","1637","1637","1637","8","8","8","2499","2499","2499","10","10","10","1637","1637","1637","8","8","8","2499","2499","2499"
"2","16","16","16","1679","1679","1679","13","13","13","1613","1613","1613","16","16","16","1679","1679","1679","13","13","13","1723","1723","1723","16","16","16","1679","1679","1679","13","13","13","2333","2333","2333","16","16","16","1679","1679","1679","13","13","13","2499","2499","2499","16","16","16","1679","1679","1679","13","13","13","2499","2499","2499","16","16","16","1679","1679","1679","13","13","13","2499","2499","2499","16","16","16","1679","1679","1679","13","13","13","2499","2499","2499","16","16","16","1679","1679","1679","13","13","13","2499","2499","2499","16","16","16","1679","1679","1679","13","13","13","2499","2499","2499","16","16","16","1679","1679","1679","13","13","13","2499","2499","2499","16","16","16","1679","1679","1679","13","13","13","2499","2499","2499"
"3","22","22","22","1655","1655","1655","18","18","18","1562","1562","1562","22","22","22","1655","1655","1655","18","18","18","2137","2137","2137","22","22","22","1655","1655","1655","18","18","18","2499","2499","2499","22","22","22","1655","1655","1655","18","18","18","2499","2499","2499","22","22","22","1655","1655","1655","18","18","18","2499","2499","2499","22","22","22","1655","1655","1655","18","18","18","2499","2499","2499","22","22","22","1655","1655","1655","18","18","18","2499","2499","2499","22","22","22","1655","1655","1655","18","18","18","2499","2499","2499","22","22","22","1655","1655","1655","18","18","18","2499","2499","2499","22","22","22","1655","1655","1655","18","18","18","2499","2499","2499","22","22","22","1655","1655","1655","18","18","18","2499","2499","2499"
"4","28","28","28","1620","1620","1620","23","23","23","1563","1563","1563","28","28","28","1620","1620","1620","23","23","23","2000","2000","2000","28","28","28","1620","1620","1620","23","23","23","2499","2499","2499","28","28","28","1620","1620","1620","23","23","23","2499","2499","2499","28","28","28","1620","1620","1620","23","23","23","2499","2499","2499","28","28","28","1620","1620","1620","23","23","23","2499","2499","2499","28","28","28","1620","1620","1620","23","23","23","2499","2499","2499","28","28","28","1620","1620","1620","23","23","23","2499","2499","2499","28","28","28","1620","1620","1620","23","23","23","2499","2499","2499","28","28","28","1620","1620","1620","23","23","23","2499","2499","2499","28","28","28","1620","1620","1620","23","23","23","2499","2499","2499"
"5","34","34","34","1643","1643","1643","28","28","28","1567","1567","1567","34","34","34","1643","1643","1643","28","28","28","1740","1740","1740","34","34","34","1643","1643","1643","28","28","28","2308","2308","2308","34","34","34","1643","1643","1643","28","28","28","2499","2499","2499","34","34","34","1643","1643","1643","28","28","28","2499","2499","2499","34","34","34","1643","1643","1643","28","28","28","2499","2499","2499","34","34","34","1643","1643","1643","28","28","28","2499","2499","2499","34","34","34","1643","1643","1643","28","28","28","2499","2499","2499","34","34","34","1643","1643","1643","28","28","28","2499","2499","2499","34","34","34","1643","1643","1643","28","28","28","2499","2499","2499","34","34","34","1643","1643","1643","28","28","28","2499","2499","2499"
"6","40","40","40","1674","1674","1674","33","33","33","1558","1558","1558","40","40","40","1674","1674","1674","33","33","33","1717","1717","1717","40","40","40","1674","1674","1674","33","33","33","2240","2240","2240","40","40","40","1674","1674","1674","33","33","33","2499","2499","2499","40","40","40","1674","1674","1674","33","33","33","2499","2499","2499","40","40","40","1674","1674","1674","33","33","33","2499","2499","2499","40","40","40","1674","1674","1674","33","33","33","2499","2499","2499","40","40","40","1674","1674","1674","33","33","33","2499","2499","2499","40","40","40","1674","1674","1674","33","33","33","2499","2499","2499","40","40","40","1674","1674","1674","33","33","33","2499","2499","2499","40","40","40","1674","1674","1674","33","33","33","2499","2499","2499"
"7","46","46","46","1640","1640","1640","38","38","38","1567","1567","1567","46","46","46","1640","1640","1640","38","38","38","1786","1786","1786","46","46","46","1640","1640","1640","38","38","38","2277","2277","2277","46","46","46","1640","1640","1640","38","38","38","2499","2499","2499","46","46","46","1640","1640","1640","38","38","38","2499","2499","2499","46","46","46","1640","1640","1640","38","38","38","2499","2499","2499","46","46","46","1640","1640","1640","38","38","38","2499","2499","2499","46","46","46","1640","1640","1640","38","38","38","2499","2499","2499","46","46","46","1640","1640","1640","38","38","38","2499","2499","2499","46","46","46","1640","1640","1640","38","38","38","2499","2499","2499","46","46","46","1640","1640","1640","38","38","38","2499","2499","2499"
"8","52","52","52","1641","1641","1641","43","43","43","1595","1595","1595","52","52","52","1641","1641","1641","43","43","43","2136","2136","2136","52","52","52","1641","1641","1641","43","43","43","2499","2499","2499","52","52","52","1641","1641","1641","43","43","43","2499","2499","2499","52","52","52","1641","1641","1641","43","43","43","2499","2499","2499","52","52","52","1641","1641","1641","43","43","43","2499","2499","2499","52","52","52","1641","1641","1641","43","43","43","2499","2499","2499","52","52","52","1641","1641","1641","43","43","43","2499","2499","2499","52","52","52","1641","1641","1641","43","43","43","2499","2499","2499","52","52","52","1641","1641","1641","43","43","43","2499","2499","2499","52","52","52","1641","1641","1641","43","43","43","2499","2499","2499"
"9","58","58","58","1619","1619","1619","48","48","48","1562","1562","1562","58","58","58","1619","1619","1619","48","48","48","1745","1745","1745","58","58","58","1619","1619","1619","48","48","48","2393","2393","2393","58","58","58","1619","1619","1619","48","48","48","2499","2499","2499","58","58","58","1619","1619","1619","48","48","48","2499","2499","2499","58","58","58","1619","1619","1619","48","48","48","2499","2499","2499","58","58","58","1619","1619","1619","48","48","48","2499","2499","2499","58","58","58","1619","1619","1619","48","48","48","2499","2499","2499","58","58","58","1619","1619","1619","48","48","48","2499","2499","2499","58","58","58","1619","1619","1619","48","48","48","2499","2499","2499","58","58","58","1619","1619","1619","48","48","48","2499","2499","2499"
"10","64","64","64","1456","1456","1456","53","53","53","1510","1510","1510","64","64","64","1456","1456","1456","53","53","53","2039","2039","2039","64","64","64","1456","1456","1456","53","53","53","2499","2499","2499","64","64","64","1456","1456","1456","53","53","53","2499","2499","2499","64","64","64","1456","1456","1456","53","53","53","2499","2499","2499","64","64","64","1456","1456","1456","53","53","53","2499","2499","2499","64","64","64","1456","1456","1456","53","53","53","2499","2499","2499","64","64","64","1456","1456","1456","53","53","53","2499","2499","2499","64","64","64","1456","1456","1456","53","53","53","2499","2499","2499","64","64","64","1456","1456","1456","53","53","53","2499","2499","2499","64","64","64","1456","1456","1456","53","53","53","2499","2499","2499"
"11","70","70","70","1438","1438","1438","58","58","58","1508","1508","1508","70","70","70","1438","1438","1438","58","58","58","1998","1998","1998","70","70","70","1438","1438","1438","58","58","58","2499","2499","2499","70","70","70","1438","1438","1438","58","58","58","2499","2499","2499","70","70","70","1438","1438","1438","58","58","58","2499","2499","2499","70","70","70","1438","1438","1438","58","58","58","2499","2499","2499","70","70","70","1438","1438","1438","58","58","58","2499","2499","2499","70","70","70","1438","1438","1438","58","58","58","2499","2499","2499","70","70","70","1438","1438","1438","58","58","58","2499","2499","2499","70","70","70","1438","1438","1438","58","58","58","2499","2499","2499","70","70","70","1438","1438","1438","58","58","58","2499","2499","2499"
"12","76","76","76","1451","1451","1451","63","63","63","1494","1494","1494","76","76","76","1451","1451","1451","63","63","63","1949","1949","1949","76","76","76","1451","1451","1451","63","63","63","2499","2499","2499","76","76","76","1451","1451","1451","63","63","63","2499","2499","2499","76","76","76","1451","1451","1451","63","63","63","2499","2499","2499","76","76","76","1451","1451","1451","63","63","63","2499","2499","2499","76","76","76","1451","1451","1451","63","63","63","2499","2499","2499","76","76","76","1451","1451","1451","63","63","63","2499","2499","2499","76","76","76","1451","1451","1451","63","63","63","2499","2499","2499","76","76","76","1451","1451","1451","63","63","63","2499","2499","2499","76","76","76","1451","1451","1451","63","63","63","2499","2499","2499"
"13","82","82","82","1432","1432","1432","68","68","68","1505","1505","1505","82","82","82","1432","1432","1432","68","68","68","1660","1660","1660","82","82","82","1432","1432","1432","68","68","68","2281","2281","2281","82","82","82","1432","1432","1432","68","68","68","2499","2499","2499","82","82","82","1432","1432","1432","68","68","68","2499","2499","2499","82","82","82","1432","1432","1432","68","68","68","2499","2499","2499","82","82","82","1432","1432","1432","68","68","68","2499","2499","2499","82","82","82","1432","1432","1432","68","68","68","2499","2499","2499","82","82","82","1432","1432","1432","68","68","68","2499","2499","2499","82","82","82","1432","1432","1432","68","68","68","2499","2499","2499","82","82","82","1432","1432","1432","68","68","68","2499","2499","2499"
"14","88","88","88","1445","1445","1445","73","73","73","1503","1503","1503","88","88","88","1445","1445","1445","73","73","73","1958","1958","1958","88","88","88","1445","1445","1445","73","73","73","2499","2499","2499","88","88","88","1445","1445","1445","73","73","73","2499","2499","2499","88","88","88","1445","1445","1445","73","73","73","2499","2499","2499","88","88","88","1445","1445","1445","73","73","73","2499","2499","2499","88","88","88","1445","1445","1445","73","73","73","2499","2499","2499","88","88","88","1445","1445","1445","73","73","73","2499","2499","2499","88","88","88","1445","1445","1445","73","73","73","2499","2499","2499","88","88","88","1445","1445","1445","73","73","73","2499","2499","2499","88","88","88","1445","1445","1445","73","73","73","2499","2499","2499"
"15","94","94","94","1458","1458","1458","78","78","78","1490","1490","1490","94","94","94","1458","1458","1458","78","78","78","1799","1799","1799","94","94","94","1458","1458","1458","78","78","78","2499","2499","2499","94","94","94","1458","1458","1458","78","78","78","2499","2499","2499","94","94","94","1458","1458","1458","78","78","78","2499","2499","2499","94","94","94","1458","1458","1458","78","78","78","2499","2499","2499","94","94","94","1458","1458","1458","78","78","78","2499","2499","2499","94","94","94","1458","1458","1458","78","78","78","2499","2499","2499","94","94","94","1458","1458","1458","78","78","78","2499","2499","2499","94","94","94","1458","1458","1458","78","78","78","2499","2499","2499","94","94","94","1458","1458","1458","78","78","78","2499","2499","2499"
"16","100","100","100","1453","1453","1453","83","83","83","1495","1495","1495","100","100","100","1453","1453","1453","83","83","83","1555","1555","1555","100","100","100","1453","1453","1453","83","83","83","2307","2307","2307","100","100","100","1453","1453","1453","83","83","83","2499","2499","2499","100","100","100","1453","1453","1453","83","83","83","2499","2499","2499","100","100","100","1453","1453","1453","83","83","83","2499","2499","2499","100","100","100","1453","1453","1453","83","83","83","2499","2499","2499","100","100","100","1453","1453","1453","83","83","83","2499","2499","2499","100","100","100","1453","1453","1453","83","83","83","2499","2499","2499","100","100","100","1453","1453","1453","83","83","83","2499","2499","2499","100","100","100","1453","1453","1453","83","83","83","2499","2499","2499"
"17","106","106","106","1452","1452","1452","88","88","88","1513","1513","1513","106","106","106","1452","1452","1452","88","88","88","1530","1530","1530","106","106","106","1452","1452","1452","88","88","88","2318","2318","2318","106","106","106","1452","1452","1452","88","88","88","2499","2499","2499","106","106","106","1452","1452","1452","88","88","88","2499","2499","2499","106","106","106","1452","1452","1452","88","88","88","2499","2499","2499","106","106","106","1452","1452","1452","88","88","88","2499","2499","2499","106","106","106","1452","1452","1452","88","88","88","2499","2499","2499","106","106","106","1452","1452","1452","88","88","88","2499","2499","2499","106","106","106","1452","1452","1452","88","88","88","2499","2499","2499","106","106","106","1452","1452","1452","88","88","88","2499","2499","2499"
"18","112","112","112","1451","1451","1451","93","93","93","1508","1508","1508","112","112","112","1451","1451","1451","93","93","93","1638","1638","1638","112","112","112","1451","1451","1451","93","93","93","2332","2332","2332","112","112","112","1451","1451","1451","93","93","93","2499","2499","2499","112","112","112","1451","1451","1451","93","93","93","2499","2499","2499","112","112","112","1451","1451","1451","93","93","93","2499","2499","2499","112","112","112","1451","1451","1451","93","93","93","2499","2499","2499","112","112","112","1451","1451","1451","93","93","93","2499","2499","2499","112","112","112","1451","1451","1451","93","93","93","2499","2499","2499","112","112","112","1451","1451","1451","93","93","93","2499","2499","2499","112","112","112","1451","1451","1451","93","93","93","2499","2499","2499"
"19","118","118","118","1435","1435","1435","98","98","98","1502","1502","1502","118","118","118","1435","1435","1435","98","98","98","1556","1556","1556","118","118","118","1435","1435","1435","98","98","98","2319","2319","2319","118","118","118","1435","1435","1435","98","98","98","2499","2499","2499","118","118","118","1435","1435","1435","98","98","98","2499","2499","2499","118","118","118","1435","1435","1435","98","98","98","2499","2499","2499","118","118","118","1435","1435","1435","98","98","98","2499","2499","2499","118","118","118","1435","1435","1435","98","98","98","2499","2499","2499","118","118","118","1435","1435","1435","98","98","98","2499","2499","2499","118","118","118","1435","1435","1435","98","98","98","2499","2499","2499","118","118","118","1435","1435","1435","98","98","98","2499","2499","2499"
"20","124","124","124","1433","1433","1433","103","103","103","1548","1548","1548","124","124","124","1433","1433","1433","103","103","103","1537","1537","1537","124","124","124","1433","1433","1433","103","103","103","2304","2304","2304","124","124","124","1433","1433","1433","103","103","103","2499","2499","2499","124","124","124","1433","1433","1433","103","103","103","2499","2499","2499","124","124","124","1433","1433","1433","103","103","103","2499","2499","2499","124","124","124","1433","1433","1433","103","103","103","2499","2499","2499","124","124","124","1433","1433","1433","103","103","103","2499","2499","2499","124","124","124","1433","1433","1433","103","103","103","2499","2499","2499","124","124","124","1433","1433","1433","103","103","103","2499","2499","2499","124","124","124","1433","1433","1433","103","103","103","2499","2499","2499"
"21","130","130","130","1433","1433","1433","108","108","108","1523","1523","1523","130","130","130","1433","1433","1433","108","108","108","1982","1982","1982","130","130","130","1433","1433","1433","108","108","108","2499","2499","2499","130","130","130","1433","1433","1433","108","108","108","2499","2499","2499","130","130","130","1433","1433","1433","108","108","108","2499","2499","2499","130","130","130","1433","1433","1433","108","108","108","2499","2499","2499","130","130","130","1433","1433","1433","108","108","108","2499","2499","2499","130","130","130","1433","1433","1433","108","108","108","2499","2499","2499","130","130","130","1433","1433","1433","108","108","108","2499","2499","2499","130","130","130","1433","1433","1433","108","108","108","2499","2499","2499","130","130","130","1433","1433","1433","108","108","108","2499","2499","2499"
"22","136","136","136","1451","1451","1451","113","113","113","1521","1521","1521","136","136","136","1451","1451","1451","113","113","113","1962","1962","1962","136","136","136","1451","1451","1451","113","113","113","2499","2499","2499","136","136","136","1451","1451","1451","113","113","113","2499","2499","2499","136","136","136","1451","1451","1451","113","113","113","2499","2499","2499","136","136","136","1451","1451","1451","113","113","113","2499","2499","2499","136","136","136","1451","1451","1451","113","113","113","2499","2499","2499","136","136","136","1451","1451","1451","113","113","113","2499","2499","2499","136","136","136","1451","1451","1451","113","113","113","2499","2499","2499","136","136","136","1451","1451","1451","113","113","113","2499","2499","2499","136","136","136","1451","1451","1451","113","113","113","2499","2499","2499"
"23","142","142","142","1435","1435","1435","118","118","118","1525","1525","1525","142","142","142","1435","1435","1435","118","118","118","1635","1635","1635","142","142","142","1435","1435","1435","118","118","118","2258","2258","2258","142","142","142","1435","1435","1435","118","118","118","2499","2499","2499","142","142","142","1435","1435","1435","118","118","118","2499","2499","2499","142","142","142","1435","1435","1435","118","118","118","2499","2499","2499","142","142","142","1435","1435","1435","118","118","118","2499","2499","2499","142","142","142","1435","1435","1435","118","118","118","2499","2499","2499","142","142","142","1435","1435","1435","118","118","118","2499","2499","2499","142","142","142","1435","1435","1435","118","118","118","2499","2499","2499","142","142","142","1435","1435","1435","118","118","118","2499","2499","2499"
"24","148","148","148","1478","1478","1478","123","123","123","1472","1472","1472","148","148","148","1478","1478","1478","123","123","123","2108","2108","2108","148","148","148","1478","1478","1478","123","123","123","2499","2499","2499","148","148","148","1478","1478","1478","123","123","123","2499","2499","2499","148","148","148","1478","1478","1478","123","123","123","2499","2499","2499","148","148","148","1478","1478","1478","123","123","123","2499","2499","2499","148","148","148","1478","1478","1478","123","123","123","2499","2499","2499","148","148","148","1478","1478","1478","123","123","123","2499","2499","2499","148","148","148","1478","1478","1478","123","123","123","2499","2499","2499","148","148","148","1478","1478","1478","123","123","123","2499","2499","2499","148","148","148","1478","1478","1478","123","123","123","2499","2499","2499"
"25","154","154","154","1453","1453","1453","128","128","128","1485","1485","1485","154","154","154","1453","1453","1453","128","128","128","1625","1625","1625","154","154","154","1453","1453","1453","128","128","128","2183","2183","2183","154","154","154","1453","1453","1453","128","128","128","2499","2499","2499","154","154","154","1453","1453","1453","128","128","128","2499","2499","2499","154","154","154","1453","1453","1453","128","128","128","2499","2499","2499","154","154","154","1453","1453","1453","128","128","128","2499","2499","2499","154","154","154","1453","1453","1453","128","128","128","2499","2499","2499","154","154","154","1453","1453","1453","128","128","128","2499","2499","2499","154","154","154","1453","1453","1453","128","128","128","2499","2499","2499","154","154","154","1453","1453","1453","128","128","128","2499","2499","2499"
"26","160","160","160","1439","1439","1439","133","133","133","1489","1489","1489","160","160","160","1439","1439","1439","133","133","133","2004","2004","2004","160","160","160","1439","1439","1439","133","133","133","2499","2499","2499","160","160","160","1439","1439","1439","133","133","133","2499","2499","2499","160","160","160","1439","1439","1439","133","133","133","2499","2499","2499","160","160","160","1439","1439","1439","133","133","133","2499","2499","2499","160","160","160","1439","1439","1439","133","133","133","2499","2499","2499","160","160","160","1439","1439","1439","133","133","133","2499","2499","2499","160","160","160","1439","1439","1439","133","133","133","2499","2499","2499","160","160","160","1439","1439","1439","133","133","133","2499","2499","2499","160","160","160","1439","1439","1439","133","133","133","2499","2499","2499"
"27","166","166","166","1455","1455","1455","138","138","138","1530","1530","1530","166","166","166","1455","1455","1455","138","138","138","1971","1971","1971","166","166","166","1455","1455","1455","138","138","138","2499","2499","2499","166","166","166","1455","1455","1455","138","138","138","2499","2499","2499","166","166","166","1455","1455","1455","138","138","138","2499","2499","2499","166","166","166","1455","1455","1455","138","138","138","2499","2499","2499","166","166","166","1455","1455","1455","138","138","138","2499","2499","2499","166","166","166","1455","1455","1455","138","138","138","2499","2499","2499","166","166","166","1455","1455","1455","138","138","138","2499","2499","2499","166","166","166","1455","1455","1455","138","138","138","2499","2499","2499","166","166","166","1455","1455","1455","138","138","138","2499","2499","2499"
"28","172","172","172","1437","1437","1437","143","143","143","1534","1534","1534","172","172","172","1437","1437","1437","143","143","143","2037","2037","2037","172","172","172","1437","1437","1437","143","143","143","2499","2499","2499","172","172","172","1437","1437","1437","143","143","143","2499","2499","2499","172","172","172","1437","1437","1437","143","143","143","2499","2499","2499","172","172","172","1437","1437","1437","143","143","143","2499","2499","2499","172","172","172","1437","1437","1437","143","143","143","2499","2499","2499","172","172","172","1437","1437","1437","143","143","143","2499","2499","2499","172","172","172","1437","1437","1437","143","143","143","2499","2499","2499","172","172","172","1437","1437","1437","143","143","143","2499","2499","2499","172","172","172","1437","1437","1437","143","143","143","2499","2499","2499"
"29","178","178","178","1449","1449","1449","148","148","148","1535","1535","1535","178","178","178","1449","1449","1449","148","148","148","2012","2012","2012","178","178","178","1449","1449","1449","148","148","148","2499","2499","2499","178","178","178","1449","1449","1449","148","148","148","2499","2499","2499","178","178","178","1449","1449","1449","148","148","148","2499","2499","2499","178","178","178","1449","1449","1449","148","148","148","2499","2499","2499","178","178","178","1449","1449","1449","148","148","148","2499","2499","2499","178","178","178","1449","1449","1449","148","148","148","2499","2499","2499","178","178","178","1449","1449","1449","148","148","148","2499","2499","2499","178","178","178","1449","1449","1449","148","148","148","2499","2499","2499","178","178","178","1449","1449","1449","148","148","148","2499","2499","2499"
"30","184","184","184","1388","1388","1388","153","153","153","1068","1068","1068","184","184","184","1388","1388","1388","153","153","153","1271","1271","1271","184","184","184","1388","1388","1388","153","153","153","1311","1311","1311","184","184","184","1388","1388","1388","153","153","153","1836","1836","1836","184","184","184","1388","1388","1388","153","153","153","2499","2499","2499","184","184","184","1388","1388","1388","153","153","153","2499","2499","2499","184","184","184","1388","1388","1388","153","153","153","2499","2499","2499","184","184","184","1388","1388","1388","153","153","153","2499","2499","2499","184","184","184","1388","1388","1388","153","153","153","2499","2499","2499","184","184","184","1388","1388","1388","153","153","153","2499","2499","2499","184","184","184","1388","1388","1388","153","153","153","2499","2499","2499"
"31","190","190","190","1386","1386","1386","158","158","158","1258","1258","1258","190","190","190","1386","1386","1386","158","158","158","1191","1191","1191","190","190","190","1386","1386","1386","158","158","158","1702","1702","1702","190","190","190","1386","1386","1386","158","158","158","2227","2227","2227","190","190","190","1386","1386","1386","158","158","158","2499","2499","2499","190","190","190","1386","1386","1386","158","158","158","2499","2499","2499","190","190","190","1386","1386","1386","158","158","158","2499","2499","2499","190","190","190","1386","1386","1386","158","158","158","2499","2499","2499","190","190","190","1386","1386","1386","158","158","158","2499","2499","2499","190","190","190","1386","1386","1386","158","158","158","2499","2499","2499","190","190","190","1386","1386","1386","158","158","158","2499","2499","2499"
"32","196","196","196","1488","1488","1488","163","163","163","1082","1082","1082","196","196","196","1488","1488","1488","163","163","163","1149","1149","1149","196","196","196","1488","1488","1488","163","163","163","2499","2499","2499","196","196","196","1488","1488","1488","163","163","163","2499","2499","2499","196","196","196","1488","1488","1488","163","163","163","2499","2499","2499","196","196","196","1488","1488","1488","163","163","163","2499","2499","2499","196","196","196","1488","1488","1488","163","163","163","2499","2499","2499","196","196","196","1488","1488","1488","163","163","163","2499","2499","2499","196","196","196","1488","1488","1488","163","163","163","2499","2499","2499","196","196","196","1488","1488","1488","163","163","163","2499","2499","2499","196","196","196","1488","1488","1488","163","163","163","2499","2499","2499"
"33","202","202","202","1392","1392","1392","168","168","168","1080","1080","1080","202","202","202","1392","1392","1392","168","168","168","1073","1073","1073","202","202","202","1392","1392","1392","168","168","168","1464","1464","1464","202","202","202","1392","1392","1392","168","168","168","2499","2499","2499","202","202","202","1392","1392","1392","168","168","168","2499","2499","2499","202","202","202","1392","1392","1392","168","168","168","2499","2499","2499","202","202","202","1392","1392","1392","168","168","168","2499","2499","2499","202","202","202","1392","1392","1392","168","168","168","2499","2499","2499","202","202","202","1392","1392","1392","168","168","168","2499","2499","2499","202","202","202","1392","1392","1392","168","168","168","2499","2499","2499","202","202","202","1392","1392","1392","168","168","168","2499","2499","2499"
"34","208","208","208","1405","1405","1405","173","173","173","1104","1104","1104","208","208","208","1405","1405","1405","173","173","173","1180","1180","1180","208","208","208","1405","1405","1405","173","173","173","2499","2499","2499","208","208","208","1405","1405","1405","173","173","173","2134","2134","2134","208","208","208","1405","1405","1405","173","173","173","2499","2499","2499","208","208","208","1405","1405","1405","173","173","173","2499","2499","2499","208","208","208","1405","1405","1405","173","173","173","2499","2499","2499","208","208","208","1405","1405","1405","173","173","173","2499","2499","2499","208","208","208","1405","1405","1405","173","173","173","2499","2499","2499","208","208","208","1405","1405","1405","173","173","173","2499","2499","2499","208","208","208","1405","1405","1405","173","173","173","2499","2499","2499"
"35","214","214","214","1403","1403","1403","178","178","178","1113","1113","1113","214","214","214","1403","1403","1403","178","178","178","1435","1435","1435","214","214","214","1403","1403","1403","178","178","178","1377","1377","1377","214","214","214","1403","1403","1403","178","178","178","2499","2499","2499","214","214","214","1403","1403","1403","178","178","178","2499","2499","2499","214","214","214","1403","1403","1403","178","178","178","2499","2499","2499","214","214","214","1403","1403","1403","178","178","178","2499","2499","2499","214","214","214","1403","1403","1403","178","178","178","2499","2499","2499","214","214","214","1403","1403","1403","178","178","178","2499","2499","2499","214","214","214","1403","1403","1403","178","178","178","2499","2499","2499","214","214","214","1403","1403","1403","178","178","178","2499","2499","2499"
"36","220","220","220","1396","1396","1396","183","183","183","1080","1080","1080","220","220","220","1396","1396","1396","183","183","183","1167","1167","1167","220","220","220","1396","1396","1396","183","183","183","1408","1408","1408","220","220","220","1396","1396","1396","183","183","183","1919","1919","1919","220","220","220","1396","1396","1396","183","183","183","2499","2499","2499","220","220","220","1396","1396","1396","183","183","183","2499","2499","2499","220","220","220","1396","1396","1396","183","183","183","2499","2499","2499","220","220","220","1396","1396","1396","183","183","183","2499","2499","2499","220","220","220","1396","1396","1396","183","183","183","2499","2499","2499","220","220","220","1396","1396","1396","183","183","183","2499","2499","2499","220","220","220","1396","1396","1396","183","183","183","2499","2499","2499"
"37","226","226","226","1350","1350","1350","188","188","188","1100","1100","1100","226","226","226","1350","1350","1350","188","188","188","1125","1125","1125","226","226","226","1350","1350","1350","188","188","188","1356","1356","1356","226","226","226","1350","1350","1350","188","188","188","1775","1775","1775","226","226","226","1350","1350","1350","188","188","188","2361","2361","2361","226","226","226","1350","1350","1350","188","188","188","2499","2499","2499","226","226","226","1350","1350","1350","188","188","188","2499","2499","2499","226","226","226","1350","1350","1350","188","188","188","2499","2499","2499","226","226","226","1350","1350","1350","188","188","188","2499","2499","2499","226","226","226","1350","1350","1350","188","188","188","2499","2499","2499","226","226","226","1350","1350","1350","188","188","188","2499","2499","2499"
"38","232","232","232","1392","1392","1392","193","193","193","1223","1223","1223","232","232","232","1392","1392","1392","193","193","193","1108","1108","1108","232","232","232","1392","1392","1392","193","193","193","1519","1519","1519","232","232","232","1392","1392","1392","193","193","193","2499","2499","2499","232","232","232","1392","1392","1392","193","193","193","2499","2499","2499","232","232","232","1392","1392","1392","193","193","193","2499","2499","2499","232","232","232","1392","1392","1392","193","193","193","2499","2499","2499","232","232","232","1392","1392","1392","193","193","193","2499","2499","2499","232","232","232","1392","1392","1392","193","193","193","2499","2499","2499","232","232","232","1392","1392","1392","193","193","193","2499","2499","2499","232","232","232","1392","1392","1392","193","193","193","2499","2499","2499"
"39","238","238","238","1383","1383","1383","198","198","198","1090","1090","1090","238","238","238","1383","1383","1383","198","198","198","1050","1050","1050","238","238","238","1383","1383","1383","198","198","198","1616","1616","1616","238","238","238","1383","1383","1383","198","198","198","2078","2078","2078","238","238","238","1383","1383","1383","198","198","198","2499","2499","2499","238","238","238","1383","1383","1383","198","198","198","2499","2499","2499","238","238","238","1383","1383","1383","198","198","198","2499","2499","2499","238","238","238","1383","1383","1383","198","198","198","2499","2499","2499","238","238","238","1383","1383","1383","198","198","198","2499","2499","2499","238","238","238","1383","1383","1383","198","198","198","2499","2499","2499","238","238","238","1383","1383","1383","198","198","198","2499","2499","2499"
"40","244","244","244","1165","1165","1165","203","203","203","1167","1167","1167","244","244","244","1165","1165","1165","203","203","203","1212","1212","1212","244","244","244","1165","1165","1165","203","203","203","2499","2499","2499","244","244","244","1165","1165","1165","203","203","203","2499","2499","2499","244","244","244","1165","1165","1165","203","203","203","2499","2499","2499","244","244","244","1165","1165","1165","203","203","203","2499","2499","2499","244","244","244","1165","1165","1165","203","203","203","2499","2499","2499","244","244","244","1165","1165","1165","203","203","203","2499","2499","2499","244","244","244","1165","1165","1165","203","203","203","2499","2499","2499","244","244","244","1165","1165","1165","203","203","203","2499","2499","2499","244","244","244","1165","1165","1165","203","203","203","2499","2499","2499"
"41","250","250","250","1164","1164","1164","208","208","208","1168","1168","1168","250","250","250","1164","1164","1164","208","208","208","2499","2499","2499","250","250","250","1164","1164","1164","208","208","208","2499","2499","2499","250","250","250","1164","1164","1164","208","208","208","2499","2499","2499","250","250","250","1164","1164","1164","208","208","208","2499","2499","2499","250","250","250","1164","1164","1164","208","208","208","2499","2499","2499","250","250","250","1164","1164","1164","208","208","208","2499","2499","2499","250","250","250","1164","1164","1164","208","208","208","2499","2499","2499","250","250","250","1164","1164","1164","208","208","208","2499","2499","2499","250","250","250","1164","1164","1164","208","208","208","2499","2499","2499","250","250","250","1164","1164","1164","208","208","208","2499","2499","2499"
"42","256","256","256","1175","1175","1175","213","213","213","1233","1233","1233","256","256","256","1175","1175","1175","213","213","213","2499","2499","2499","256","256","256","1175","1175","1175","213","213","213","1402","1402","1402","256","256","256","1175","1175","1175","213","213","213","2208","2208","2208","256","256","256","1175","1175","1175","213","213","213","2499","2499","2499","256","256","256","1175","1175","1175","213","213","213","2499","2499","2499","256","256","256","1175","1175","1175","213","213","213","2499","2499","2499","256","256","256","1175","1175","1175","213","213","213","2499","2499","2499","256","256","256","1175","1175","1175","213","213","213","2499","2499","2499","256","256","256","1175","1175","1175","213","213","213","2499","2499","2499","256","256","256","1175","1175","1175","213","213","213","2499","2499","2499"
"43","262","262","262","1162","1162","1162","218","218","218","1164","1164","1164","262","262","262","1162","1162","1162","218","218","218","1221","1221","1221","262","262","262","1162","1162","1162","218","218","218","2499","2499","2499","262","262","262","1162","1162","1162","218","218","218","1805","1805","1805","262","262","262","1162","1162","1162","218","218","218","2499","2499","2499","262","262","262","1162","1162","1162","218","218","218","2499","2499","2499","262","262","262","1162","1162","1162","218","218","218","2499","2499","2499","262","262","262","1162","1162","1162","218","218","218","2499","2499","2499","262","262","262","1162","1162","1162","218","218","218","2499","2499","2499","262","262","262","1162","1162","1162","218","218","218","2499","2499","2499","262","262","262","1162","1162","1162","218","218","218","2499","2499","2499"
"44","268","268","268","1028","1028","1028","223","223","223","1206","1206","1206","268","268","268","1028","1028","1028","223","223","223","1188","1188","1188","268","268","268","1028","1028","1028","223","223","223","1251","1251","1251","268","268","268","1028","1028","1028","223","223","223","1930","1930","1930","268","268","268","1028","1028","1028","223","223","223","2499","2499","2499","268","268","268","1028","1028","1028","223","223","223","2499","2499","2499","268","268","268","1028","1028","1028","223","223","223","2499","2499","2499","268","268","268","1028","1028","1028","223","223","223","2499","2499","2499","268","268","268","1028","1028","1028","223","223","223","2499","2499","2499","268","268","268","1028","1028","1028","223","223","223","2499","2499","2499","268","268","268","1028","1028","1028","223","223","223","2499","2499","2499"
"45","274","274","274","1184","1184","1184","228","228","228","1179","1179","1179","274","274","274","1184","1184","1184","228","228","228","1168","1168","1168","274","274","274","1184","1184","1184","228","228","228","1544","1544","1544","274","274","274","1184","1184","1184","228","228","228","2136","2136","2136","274","274","274","1184","1184","1184","228","228","228","2499","2499","2499","274","274","274","1184","1184","1184","228","228","228","2499","2499","2499","274","274","274","1184","1184","1184","228","228","228","2499","2499","2499","274","274","274","1184","1184","1184","228","228","228","2499","2499","2499","274","274","274","1184","1184","1184","228","228","228","2499","2499","2499","274","274","274","1184","1184","1184","228","228","228","2499","2499","2499","274","274","274","1184","1184","1184","228","228","228","2499","2499","2499"
"46","280","280","280","1197","1197","1197","233","233","233","1180","1180","1180","280","280","280","1197","1197","1197","233","233","233","1221","1221","1221","280","280","280","1197","1197","1197","233","233","233","1478","1478","1478","280","280","280","1197","1197","1197","233","233","233","2177","2177","2177","280","280","280","1197","1197","1197","233","233","233","2499","2499","2499","280","280","280","1197","1197","1197","233","233","233","2499","2499","2499","280","280","280","1197","1197","1197","233","233","233","2499","2499","2499","280","280","280","1197","1197","1197","233","233","233","2499","2499","2499","280","280","280","1197","1197","1197","233","233","233","2499","2499","2499","280","280","280","1197","1197","1197","233","233","233","2499","2499","2499","280","280","280","1197","1197","1197","233","233","233","2499","2499","2499"
"47","286","286","286","1203","1203","1203","238","238","238","1165","1165","1165","286","286","286","1203","1203","1203","238","238","238","1158","1158","1158","286","286","286","1203","1203","1203","238","238","238","1335","1335","1335","286","286","286","1203","1203","1203","238","238","238","2499","2499","2499","286","286","286","1203","1203","1203","238","238","238","2499","2499","2499","286","286","286","1203","1203","1203","238","238","238","2499","2499","2499","286","286","286","1203","1203","1203","238","238","238","2499","2499","2499","286","286","286","1203","1203","1203","238","238","238","2499","2499","2499","286","286","286","1203","1203","1203","238","238","238","2499","2499","2499","286","286","286","1203","1203","1203","238","238","238","2499","2499","2499","286","286","286","1203","1203","1203","238","238","238","2499","2499","2499"
"48","292","292","292","1183","1183","1183","243","243","243","1219","1219","1219","292","292","292","1183","1183","1183","243","243","243","1179","1179","1179","292","292","292","1183","1183","1183","243","243","243","2499","2499","2499","292","292","292","1183","1183","1183","243","243","243","2499","2499","2499","292","292","292","1183","1183","1183","243","243","243","2499","2499","2499","292","292","292","1183","1183","1183","243","243","243","2499","2499","2499","292","292","292","1183","1183","1183","243","243","243","2499","2499","2499","292","292","292","1183","1183","1183","243","243","243","2499","2499","2499","292","292","292","1183","1183","1183","243","243","243","2499","2499","2499","292","292","292","1183","1183","1183","243","243","243","2499","2499","2499","292","292","292","1183","1183","1183","243","243","243","2499","2499","2499"
"49","298","298","298","1197","1197","1197","248","248","248","1213","1213","1213","298","298","298","1197","1197","1197","248","248","248","1172","1172","1172","298","298","298","1197","1197","1197","248","248","248","2499","2499","2499","298","298","298","1197","1197","1197","248","248","248","1931","1931","1931","298","298","298","1197","1197","1197","248","248","248","2499","2499","2499","298","298","298","1197","1197","1197","248","248","248","2499","2499","2499","298","298","298","1197","1197","1197","248","248","248","2499","2499","2499","298","298","298","1197","1197","1197","248","248","248","2499","2499","2499","298","298","298","1197","1197","1197","248","248","248","2499","2499","2499","298","298","298","1197","1197","1197","248","248","248","2499","2499","2499","298","298","298","1197","1197","1197","248","248","248","2499","2499","2499"
"50","304","304","304","1157","1157","1157","253","253","253","1157","1157","1157","304","304","304","1157","1157","1157","253","253","253","1169","1169","1169","304","304","304","1157","1157","1157","253","253","253","1236","1236","1236","304","304","304","1157","1157","1157","253","253","253","2499","2499","2499","304","304","304","1157","1157","1157","253","253","253","2499","2499","2499","304","304","304","1157","1157","1157","253","253","253","2499","2499","2499","304","304","304","1157","1157","1157","253","253","253","2499","2499","2499","304","304","304","1157","1157","1157","253","253","253","2499","2499","2499","304","304","304","1157","1157","1157","253","253","253","2499","2499","2499","304","304","304","1157","1157","1157","253","253","253","2499","2499","2499","304","304","304","1157","1157","1157","253","253","253","2499","2499","2499"
"51","310","310","310","1189","1189","1189","258","258","258","1169","1169","1169","310","310","310","1189","1189","1189","258","258","258","1162","1162","1162","310","310","310","1189","1189","1189","258","258","258","1185","1185","1185","310","310","310","1189","1189","1189","258","258","258","1530","1530","1530","310","310","310","1189","1189","1189","258","258","258","2230","2230","2230","310","310","310","1189","1189","1189","258","258","258","2499","2499","2499","310","310","310","1189","1189","1189","258","258","258","2499","2499","2499","310","310","310","1189","1189","1189","258","258","258","2499","2499","2499","310","310","310","1189","1189","1189","258","258","258","2499","2499","2499","310","310","310","1189","1189","1189","258","258","258","2499","2499","2499","310","310","310","1189","1189","1189","258","258","258","2499","2499","2499"
"52","316","316","316","1197","1197","1197","263","263","263","1176","1176","1176","316","316","316","1197","1197","1197","263","263","263","1166","1166","1166","316","316","316","1197","1197","1197","263","263","263","1237","1237","1237","316","316","316","1197","1197","1197","263","263","263","1827","1827","1827","316","316","316","1197","1197","1197","263","263","263","2499","2499","2499","316","316","316","1197","1197","1197","263","263","263","2499","2499","2499","316","316","316","1197","1197","1197","263","263","263","2499","2499","2499","316","316","316","1197","1197","1197","263","263","263","2499","2499","2499","316","316","316","1197","1197","1197","263","263","263","2499","2499","2499","316","316","316","1197","1197","1197","263","263","263","2499","2499","2499","316","316","316","1197","1197","1197","263","263","263","2499","2499","2499"
"53","322","322","322","1161","1161","1161","268","268","268","1166","1166","1166","322","322","322","1161","1161","1161","268","268","268","2499","2499","2499","322","322","322","1161","1161","1161","268","268","268","1359","1359","1359","322","322","322","1161","1161","1161","268","268","268","1922","1922","1922","322","322","322","1161","1161","1161","268","268","268","2499","2499","2499","322","322","322","1161","1161","1161","268","268","268","2499","2499","2499","322","322","322","1161","1161","1161","268","268","268","2499","2499","2499","322","322","322","1161","1161","1161","268","268","268","2499","2499","2499","322","322","322","1161","1161","1161","268","268","268","2499","2499","2499","322","322","322","1161","1161","1161","268","268","268","2499","2499","2499","322","322","322","1161","1161","1161","268","268","268","2499","2499","2499"
"54","328","328","328","1160","1160","1160","273","273","273","1170","1170","1170","328","328","328","1160","1160","1160","273","273","273","1187","1187","1187","328","328","328","1160","1160","1160","273","273","273","1434","1434","1434","328","328","328","1160","1160","1160","273","273","273","2155","2155","2155","328","328","328","1160","1160","1160","273","273","273","2499","2499","2499","328","328","328","1160","1160","1160","273","273","273","2499","2499","2499","328","328","328","1160","1160","1160","273","273","273","2499","2499","2499","328","328","328","1160","1160","1160","273","273","273","2499","2499","2499","328","328","328","1160","1160","1160","273","273","273","2499","2499","2499","328","328","328","1160","1160","1160","273","273","273","2499","2499","2499","328","328","328","1160","1160","1160","273","273","273","2499","2499","2499"
"55","334","334","334","1158","1158","1158","278","278","278","1167","1167","1167","334","334","334","1158","1158","1158","278","278","278","2499","2499","2499","334","334","334","1158","1158","1158","278","278","278","2499","2499","2499","334","334","334","1158","1158","1158","278","278","278","1750","1750","1750","334","334","334","1158","1158","1158","278","278","278","2329","2329","2329","334","334","334","1158","1158","1158","278","278","278","2499","2499","2499","334","334","334","1158","1158","1158","278","278","278","2499","2499","2499","334","334","334","1158","1158","1158","278","278","278","2499","2499","2499","334","334","334","1158","1158","1158","278","278","278","2499","2499","2499","334","334","334","1158","1158","1158","278","278","278","2499","2499","2499","334","334","334","1158","1158","1158","278","278","278","2499","2499","2499"
"56","340","340","340","1163","1163","1163","283","283","283","1204","1204","1204","340","340","340","1163","1163","1163","283","283","283","1164","1164","1164","340","340","340","1163","1163","1163","283","283","283","2499","2499","2499","340","340","340","1163","1163","1163","283","283","283","2499","2499","2499","340","340","340","1163","1163","1163","283","283","283","2499","2499","2499","340","340","340","1163","1163","1163","283","283","283","2499","2499","2499","340","340","340","1163","1163","1163","283","283","283","2499","2499","2499","340","340","340","1163","1163","1163","283","283","283","2499","2499","2499","340","340","340","1163","1163","1163","283","283","283","2499","2499","2499","340","340","340","1163","1163","1163","283","283","283","2499","2499","2499","340","340","340","1163","1163","1163","283","283","283","2499","2499","2499"
"57","346","346","346","1159","1159","1159","288","288","288","1168","1168","1168","346","346","346","1159","1159","1159","288","288","288","2499","2499","2499","346","346","346","1159","1159","1159","288","288","288","2499","2499","2499","346","346","346","1159","1159","1159","288","288","288","2499","2499","2499","346","346","346","1159","1159","1159","288","288","288","2499","2499","2499","346","346","346","1159","1159","1159","288","288","288","2499","2499","2499","346","346","346","1159","1159","1159","288","288","288","2499","2499","2499","346","346","346","1159","1159","1159","288","288","288","2499","2499","2499","346","346","346","1159","1159","1159","288","288","288","2499","2499","2499","346","346","346","1159","1159","1159","288","288","288","2499","2499","2499","346","346","346","1159","1159","1159","288","288","288","2499","2499","2499"
"58","352","352","352","1184","1184","1184","293","293","293","1165","1165","1165","352","352","352","1184","1184","1184","293","293","293","1195","1195","1195","352","352","352","1184","1184","1184","293","293","293","1560","1560","1560","352","352","352","1184","1184","1184","293","293","293","2499","2499","2499","352","352","352","1184","1184","1184","293","293","293","2499","2499","2499","352","352","352","1184","1184","1184","293","293","293","2499","2499","2499","352","352","352","1184","1184","1184","293","293","293","2499","2499","2499","352","352","352","1184","1184","1184","293","293","293","2499","2499","2499","352","352","352","1184","1184","1184","293","293","293","2499","2499","2499","352","352","352","1184","1184","1184","293","293","293","2499","2499","2499","352","352","352","1184","1184","1184","293","293","293","2499","2499","2499"
"59","358","358","358","1177","1177","1177","298","298","298","1163","1163","1163","358","358","358","1177","1177","1177","298","298","298","1177","1177","1177","358","358","358","1177","1177","1177","298","298","298","1371","1371","1371","358","358","358","1177","1177","1177","298","298","298","2499","2499","2499","358","358","358","1177","1177","1177","298","298","298","2499","2499","2499","358","358","358","1177","1177","1177","298","298","298","2499","2499","2499","358","358","358","1177","1177","1177","298","298","298","2499","2499","2499","358","358","358","1177","1177","1177","298","298","298","2499","2499","2499","358","358","358","1177","1177","1177","298","298","298","2499","2499","2499","358","358","358","1177","1177","1177","298","298","298","2499","2499","2499","358","358","358","1177","1177","1177","298","298","298","2499","2499","2499"
"60","364","364","364","1517","1517","1517","303","303","303","1060","1060","1060","364","364","364","1517","1517","1517","303","303","303","1160","1160","1160","364","364","364","1517","1517","1517","303","303","303","2499","2499","2499","364","364","364","1517","1517","1517","303","303","303","1492","1492","1492","364","364","364","1517","1517","1517","303","303","303","2191","2191","2191","364","364","364","1517","1517","1517","303","303","303","2499","2499","2499","364","364","364","1517","1517","1517","303","303","303","2499","2499","2499","364","364","364","1517","1517","1517","303","303","303","2499","2499","2499","364","364","364","1517","1517","1517","303","303","303","2499","2499","2499","364","364","364","1517","1517","1517","303","303","303","2499","2499","2499","364","364","364","1517","1517","1517","303","303","303","2499","2499","2499"
"61","370","370","370","1380","1380","1380","308","308","308","1038","1038","1038","370","370","370","1380","1380","1380","308","308","308","1073","1073","1073","370","370","370","1380","1380","1380","308","308","308","1207","1207","1207","370","370","370","1380","1380","1380","308","308","308","1537","1537","1537","370","370","370","1380","1380","1380","308","308","308","2052","2052","2052","370","370","370","1380","1380","1380","308","308","308","2499","2499","2499","370","370","370","1380","1380","1380","308","308","308","2499","2499","2499","370","370","370","1380","1380","1380","308","308","308","2499","2499","2499","370","370","370","1380","1380","1380","308","308","308","2499","2499","2499","370","370","370","1380","1380","1380","308","308","308","2499","2499","2499","370","370","370","1380","1380","1380","308","308","308","2499","2499","2499"
"62","376","376","376","1290","1290","1290","313","313","313","1054","1054","1054","376","376","376","1290","1290","1290","313","313","313","1139","1139","1139","376","376","376","1290","1290","1290","313","313","313","1258","1258","1258","376","376","376","1290","1290","1290","313","313","313","1332","1332","1332","376","376","376","1290","1290","1290","313","313","313","1888","1888","1888","376","376","376","1290","1290","1290","313","313","313","2499","2499","2499","376","376","376","1290","1290","1290","313","313","313","2499","2499","2499","376","376","376","1290","1290","1290","313","313","313","2499","2499","2499","376","376","376","1290","1290","1290","313","313","313","2499","2499","2499","376","376","376","1290","1290","1290","313","313","313","2499","2499","2499","376","376","376","1290","1290","1290","313","313","313","2499","2499","2499"
"63","382","382","382","1377","1377","1377","318","318","318","1255","1255","1255","382","382","382","1377","1377","1377","318","318","318","1040","1040","1040","382","382","382","1377","1377","1377","318","318","318","1201","1201","1201","382","382","382","1377","1377","1377","318","318","318","1641","1641","1641","382","382","382","1377","1377","1377","318","318","318","2336","2336","2336","382","382","382","1377","1377","1377","318","318","318","2499","2499","2499","382","382","382","1377","1377","1377","318","318","318","2499","2499","2499","382","382","382","1377","1377","1377","318","318","318","2499","2499","2499","382","382","382","1377","1377","1377","318","318","318","2499","2499","2499","382","382","382","1377","1377","1377","318","318","318","2499","2499","2499","382","382","382","1377","1377","1377","318","318","318","2499","2499","2499"
"64","388","388","388","1385","1385","1385","323","323","323","1077","1077","1077","388","388","388","1385","1385","1385","323","323","323","1155","1155","1155","388","388","388","1385","1385","1385","323","323","323","1212","1212","1212","388","388","388","1385","1385","1385","323","323","323","1567","1567","1567","388","388","388","1385","1385","1385","323","323","323","2499","2499","2499","388","388","388","1385","1385","1385","323","323","323","2499","2499","2499","388","388","388","1385","1385","1385","323","323","323","2499","2499","2499","388","388","388","1385","1385","1385","323","323","323","2499","2499","2499","388","388","388","1385","1385","1385","323","323","323","2499","2499","2499","388","388","388","1385","1385","1385","323","323","323","2499","2499","2499","388","388","388","1385","1385","1385","323","323","323","2499","2499","2499"
"65","394","394","394","1495","1495","1495","328","328","328","1044","1044","1044","394","394","394","1495","1495","1495","328","328","328","1062","1062","1062","394","394","394","1495","1495","1495","328","328","328","1049","1049","1049","394","394","394","1495","1495","1495","328","328","328","1214","1214","1214","394","394","394","1495","1495","1495","328","328","328","1655","1655","1655","394","394","394","1495","1495","1495","328","328","328","2499","2499","2499","394","394","394","1495","1495","1495","328","328","328","2499","2499","2499","394","394","394","1495","1495","1495","328","328","328","2499","2499","2499","394","394","394","1495","1495","1495","328","328","328","2499","2499","2499","394","394","394","1495","1495","1495","328","328","328","2499","2499","2499","394","394","394","1495","1495","1495","328","328","328","2499","2499","2499"
"66","400","400","400","1518","1518","1518","333","333","333","1153","1153","1153","400","400","400","1518","1518","1518","333","333","333","1156","1156","1156","400","400","400","1518","1518","1518","333","333","333","1045","1045","1045","400","400","400","1518","1518","1518","333","333","333","1325","1325","1325","400","400","400","1518","1518","1518","333","333","333","1887","1887","1887","400","400","400","1518","1518","1518","333","333","333","2499","2499","2499","400","400","400","1518","1518","1518","333","333","333","2499","2499","2499","400","400","400","1518","1518","1518","333","333","333","2499","2499","2499","400","400","400","1518","1518","1518","333","333","333","2499","2499","2499","400","400","400","1518","1518","1518","333","333","333","2499","2499","2499","400","400","400","1518","1518","1518","333","333","333","2499","2499","2499"
"67","406","406","406","1504","1504","1504","338","338","338","1070","1070","1070","406","406","406","1504","1504","1504","338","338","338","1042","1042","1042","406","406","406","1504","1504","1504","338","338","338","1047","1047","1047","406","406","406","1504","1504","1504","338","338","338","1194","1194","1194","406","406","406","1504","1504","1504","338","338","338","1711","1711","1711","406","406","406","1504","1504","1504","338","338","338","2322","2322","2322","406","406","406","1504","1504","1504","338","338","338","2499","2499","2499","406","406","406","1504","1504","1504","338","338","338","2499","2499","2499","406","406","406","1504","1504","1504","338","338","338","2499","2499","2499","406","406","406","1504","1504","1504","338","338","338","2499","2499","2499","406","406","406","1504","1504","1504","338","338","338","2499","2499","2499"
"68","412","412","412","1287","1287","1287","343","343","343","1269","1269","1269","412","412","412","1287","1287","1287","343","343","343","1084","1084","1084","412","412","412","1287","1287","1287","343","343","343","1149","1149","1149","412","412","412","1287","1287","1287","343","343","343","1658","1658","1658","412","412","412","1287","1287","1287","343","343","343","2499","2499","2499","412","412","412","1287","1287","1287","343","343","343","2499","2499","2499","412","412","412","1287","1287","1287","343","343","343","2499","2499","2499","412","412","412","1287","1287","1287","343","343","343","2499","2499","2499","412","412","412","1287","1287","1287","343","343","343","2499","2499","2499","412","412","412","1287","1287","1287","343","343","343","2499","2499","2499","412","412","412","1287","1287","1287","343","343","343","2499","2499","2499"
"69","418","418","418","1376","1376","1376","348","348","348","1101","1101","1101","418","418","418","1376","1376","1376","348","348","348","1075","1075","1075","418","418","418","1376","1376","1376","348","348","348","1164","1164","1164","418","418","418","1376","1376","1376","348","348","348","1371","1371","1371","418","418","418","1376","1376","1376","348","348","348","2018","2018","2018","418","418","418","1376","1376","1376","348","348","348","2499","2499","2499","418","418","418","1376","1376","1376","348","348","348","2499","2499","2499","418","418","418","1376","1376","1376","348","348","348","2499","2499","2499","418","418","418","1376","1376","1376","348","348","348","2499","2499","2499","418","418","418","1376","1376","1376","348","348","348","2499","2499","2499","418","418","418","1376","1376","1376","348","348","348","2499","2499","2499"
"70","424","424","424","1142","1142","1142","353","353","353","1139","1139","1139","424","424","424","1142","1142","1142","353","353","353","1139","1139","1139","424","424","424","1142","1142","1142","353","353","353","1141","1141","1141","424","424","424","1142","1142","1142","353","353","353","1357","1357","1357","424","424","424","1142","1142","1142","353","353","353","2015","2015","2015","424","424","424","1142","1142","1142","353","353","353","2499","2499","2499","424","424","424","1142","1142","1142","353","353","353","2499","2499","2499","424","424","424","1142","1142","1142","353","353","353","2499","2499","2499","424","424","424","1142","1142","1142","353","353","353","2499","2499","2499","424","424","424","1142","1142","1142","353","353","353","2499","2499","2499","424","424","424","1142","1142","1142","353","353","353","2499","2499","2499"
"71","430","430","430","1133","1133","1133","358","358","358","1147","1147","1147","430","430","430","1133","1133","1133","358","358","358","1146","1146","1146","430","430","430","1133","1133","1133","358","358","358","1145","1145","1145","430","430","430","1133","1133","1133","358","358","358","2499","2499","2499","430","430","430","1133","1133","1133","358","358","358","1621","1621","1621","430","430","430","1133","1133","1133","358","358","358","2385","2385","2385","430","430","430","1133","1133","1133","358","358","358","2499","2499","2499","430","430","430","1133","1133","1133","358","358","358","2499","2499","2499","430","430","430","1133","1133","1133","358","358","358","2499","2499","2499","430","430","430","1133","1133","1133","358","358","358","2499","2499","2499","430","430","430","1133","1133","1133","358","358","358","2499","2499","2499"
"72","436","436","436","1131","1131","1131","363","363","363","1115","1115","1115","436","436","436","1131","1131","1131","363","363","363","946","946","946","436","436","436","1131","1131","1131","363","363","363","1149","1149","1149","436","436","436","1131","1131","1131","363","363","363","1435","1435","1435","436","436","436","1131","1131","1131","363","363","363","1963","1963","1963","436","436","436","1131","1131","1131","363","363","363","2499","2499","2499","436","436","436","1131","1131","1131","363","363","363","2499","2499","2499","436","436","436","1131","1131","1131","363","363","363","2499","2499","2499","436","436","436","1131","1131","1131","363","363","363","2499","2499","2499","436","436","436","1131","1131","1131","363","363","363","2499","2499","2499","436","436","436","1131","1131","1131","363","363","363","2499","2499","2499"
"73","442","442","442","1142","1142","1142","368","368","368","1136","1136","1136","442","442","442","1142","1142","1142","368","368","368","1114","1114","1114","442","442","442","1142","1142","1142","368","368","368","1161","1161","1161","442","442","442","1142","1142","1142","368","368","368","1390","1390","1390","442","442","442","1142","1142","1142","368","368","368","2182","2182","2182","442","442","442","1142","1142","1142","368","368","368","2499","2499","2499","442","442","442","1142","1142","1142","368","368","368","2499","2499","2499","442","442","442","1142","1142","1142","368","368","368","2499","2499","2499","442","442","442","1142","1142","1142","368","368","368","2499","2499","2499","442","442","442","1142","1142","1142","368","368","368","2499","2499","2499","442","442","442","1142","1142","1142","368","368","368","2499","2499","2499"
"74","448","448","448","931","931","931","373","373","373","1146","1146","1146","448","448","448","931","931","931","373","373","373","1141","1141","1141","448","448","448","931","931","931","373","373","373","1129","1129","1129","448","448","448","931","931","931","373","373","373","1466","1466","1466","448","448","448","931","931","931","373","373","373","2499","2499","2499","448","448","448","931","931","931","373","373","373","2499","2499","2499","448","448","448","931","931","931","373","373","373","2499","2499","2499","448","448","448","931","931","931","373","373","373","2499","2499","2499","448","448","448","931","931","931","373","373","373","2499","2499","2499","448","448","448","931","931","931","373","373","373","2499","2499","2499","448","448","448","931","931","931","373","373","373","2499","2499","2499"
"75","454","454","454","1142","1142","1142","378","378","378","1111","1111","1111","454","454","454","1142","1142","1142","378","378","378","1141","1141","1141","454","454","454","1142","1142","1142","378","378","378","1105","1105","1105","454","454","454","1142","1142","1142","378","378","378","1148","1148","1148","454","454","454","1142","1142","1142","378","378","378","1795","1795","1795","454","454","454","1142","1142","1142","378","378","378","2499","2499","2499","454","454","454","1142","1142","1142","378","378","378","2499","2499","2499","454","454","454","1142","1142","1142","378","378","378","2499","2499","2499","454","454","454","1142","1142","1142","378","378","378","2499","2499","2499","454","454","454","1142","1142","1142","378","378","378","2499","2499","2499","454","454","454","1142","1142","1142","378","378","378","2499","2499","2499"
"76","460","460","460","1158","1158","1158","383","383","383","1107","1107","1107","460","460","460","1158","1158","1158","383","383","383","1146","1146","1146","460","460","460","1158","1158","1158","383","383","383","1114","1114","1114","460","460","460","1158","1158","1158","383","383","383","2499","2499","2499","460","460","460","1158","1158","1158","383","383","383","1866","1866","1866","460","460","460","1158","1158","1158","383","383","383","2499","2499","2499","460","460","460","1158","1158","1158","383","383","383","2499","2499","2499","460","460","460","1158","1158","1158","383","383","383","2499","2499","2499","460","460","460","1158","1158","1158","383","383","383","2499","2499","2499","460","460","460","1158","1158","1158","383","383","383","2499","2499","2499","460","460","460","1158","1158","1158","383","383","383","2499","2499","2499"
"77","466","466","466","1121","1121","1121","388","388","388","1140","1140","1140","466","466","466","1121","1121","1121","388","388","388","1152","1152","1152","466","466","466","1121","1121","1121","388","388","388","1105","1105","1105","466","466","466","1121","1121","1121","388","388","388","1146","1146","1146","466","466","466","1121","1121","1121","388","388","388","2499","2499","2499","466","466","466","1121","1121","1121","388","388","388","2209","2209","2209","466","466","466","1121","1121","1121","388","388","388","2499","2499","2499","466","466","466","1121","1121","1121","388","388","388","2499","2499","2499","466","466","466","1121","1121","1121","388","388","388","2499","2499","2499","466","466","466","1121","1121","1121","388","388","388","2499","2499","2499","466","466","466","1121","1121","1121","388","388","388","2499","2499","2499"
"78","472","472","472","1137","1137","1137","393","393","393","1151","1151","1151","472","472","472","1137","1137","1137","393","393","393","1135","1135","1135","472","472","472","1137","1137","1137","393","393","393","1137","1137","1137","472","472","472","1137","1137","1137","393","393","393","1199","1199","1199","472","472","472","1137","1137","1137","393","393","393","2499","2499","2499","472","472","472","1137","1137","1137","393","393","393","2403","2403","2403","472","472","472","1137","1137","1137","393","393","393","2499","2499","2499","472","472","472","1137","1137","1137","393","393","393","2499","2499","2499","472","472","472","1137","1137","1137","393","393","393","2499","2499","2499","472","472","472","1137","1137","1137","393","393","393","2499","2499","2499","472","472","472","1137","1137","1137","393","393","393","2499","2499","2499"
"79","478","478","478","1106","1106","1106","398","398","398","1135","1135","1135","478","478","478","1106","1106","1106","398","398","398","993","993","993","478","478","478","1106","1106","1106","398","398","398","1138","1138","1138","478","478","478","1106","1106","1106","398","398","398","1608","1608","1608","478","478","478","1106","1106","1106","398","398","398","2275","2275","2275","478","478","478","1106","1106","1106","398","398","398","2499","2499","2499","478","478","478","1106","1106","1106","398","398","398","2499","2499","2499","478","478","478","1106","1106","1106","398","398","398","2499","2499","2499","478","478","478","1106","1106","1106","398","398","398","2499","2499","2499","478","478","478","1106","1106","1106","398","398","398","2499","2499","2499","478","478","478","1106","1106","1106","398","398","398","2499","2499","2499"
"80","484","484","484","1140","1140","1140","403","403","403","1133","1133","1133","484","484","484","1140","1140","1140","403","403","403","1112","1112","1112","484","484","484","1140","1140","1140","403","403","403","1129","1129","1129","484","484","484","1140","1140","1140","403","403","403","1176","1176","1176","484","484","484","1140","1140","1140","403","403","403","1757","1757","1757","484","484","484","1140","1140","1140","403","403","403","2460","2460","2460","484","484","484","1140","1140","1140","403","403","403","2499","2499","2499","484","484","484","1140","1140","1140","403","403","403","2499","2499","2499","484","484","484","1140","1140","1140","403","403","403","2499","2499","2499","484","484","484","1140","1140","1140","403","403","403","2499","2499","2499","484","484","484","1140","1140","1140","403","403","403","2499","2499","2499"
"81","490","490","490","1158","1158","1158","408","408","408","1160","1160","1160","490","490","490","1158","1158","1158","408","408","408","1137","1137","1137","490","490","490","1158","1158","1158","408","408","408","1167","1167","1167","490","490","490","1158","1158","1158","408","408","408","1488","1488","1488","490","490","490","1158","1158","1158","408","408","408","2499","2499","2499","490","490","490","1158","1158","1158","408","408","408","2499","2499","2499","490","490","490","1158","1158","1158","408","408","408","2499","2499","2499","490","490","490","1158","1158","1158","408","408","408","2499","2499","2499","490","490","490","1158","1158","1158","408","408","408","2499","2499","2499","490","490","490","1158","1158","1158","408","408","408","2499","2499","2499","490","490","490","1158","1158","1158","408","408","408","2499","2499","2499"
"82","496","496","496","1147","1147","1147","413","413","413","1165","1165","1165","496","496","496","1147","1147","1147","413","413","413","1157","1157","1157","496","496","496","1147","1147","1147","413","413","413","1164","1164","1164","496","496","496","1147","1147","1147","413","413","413","1257","1257","1257","496","496","496","1147","1147","1147","413","413","413","1862","1862","1862","496","496","496","1147","1147","1147","413","413","413","2499","2499","2499","496","496","496","1147","1147","1147","413","413","413","2499","2499","2499","496","496","496","1147","1147","1147","413","413","413","2499","2499","2499","496","496","496","1147","1147","1147","413","413","413","2499","2499","2499","496","496","496","1147","1147","1147","413","413","413","2499","2499","2499","496","496","496","1147","1147","1147","413","413","413","2499","2499","2499"
"83","502","502","502","1129","1129","1129","418","418","418","1159","1159","1159","502","502","502","1129","1129","1129","418","418","418","1162","1162","1162","502","502","502","1129","1129","1129","418","418","418","1114","1114","1114","502","502","502","1129","1129","1129","418","418","418","1339","1339","1339","502","502","502","1129","1129","1129","418","418","418","1971","1971","1971","502","502","502","1129","1129","1129","418","418","418","2499","2499","2499","502","502","502","1129","1129","1129","418","418","418","2499","2499","2499","502","502","502","1129","1129","1129","418","418","418","2499","2499","2499","502","502","502","1129","1129","1129","418","418","418","2499","2499","2499","502","502","502","1129","1129","1129","418","418","418","2499","2499","2499","502","502","502","1129","1129","1129","418","418","418","2499","2499","2499"
"84","508","508","508","1139","1139","1139","423","423","423","1155","1155","1155","508","508","508","1139","1139","1139","423","423","423","1162","1162","1162","508","508","508","1139","1139","1139","423","423","423","1157","1157","1157","508","508","508","1139","1139","1139","423","423","423","2499","2499","2499","508","508","508","1139","1139","1139","423","423","423","2264","2264","2264","508","508","508","1139","1139","1139","423","423","423","2499","2499","2499","508","508","508","1139","1139","1139","423","423","423","2499","2499","2499","508","508","508","1139","1139","1139","423","423","423","2499","2499","2499","508","508","508","1139","1139","1139","423","423","423","2499","2499","2499","508","508","508","1139","1139","1139","423","423","423","2499","2499","2499","508","508","508","1139","1139","1139","423","423","423","2499","2499","2499"
"85","514","514","514","1133","1133","1133","428","428","428","1152","1152","1152","514","514","514","1133","1133","1133","428","428","428","1156","1156","1156","514","514","514","1133","1133","1133","428","428","428","1159","1159","1159","514","514","514","1133","1133","1133","428","428","428","1159","1159","1159","514","514","514","1133","1133","1133","428","428","428","1867","1867","1867","514","514","514","1133","1133","1133","428","428","428","2499","2499","2499","514","514","514","1133","1133","1133","428","428","428","2499","2499","2499","514","514","514","1133","1133","1133","428","428","428","2499","2499","2499","514","514","514","1133","1133","1133","428","428","428","2499","2499","2499","514","514","514","1133","1133","1133","428","428","428","2499","2499","2499","514","514","514","1133","1133","1133","428","428","428","2499","2499","2499"
"86","520","520","520","1159","1159","1159","433","433","433","1127","1127","1127","520","520","520","1159","1159","1159","433","433","433","1157","1157","1157","520","520","520","1159","1159","1159","433","433","433","1142","1142","1142","520","520","520","1159","1159","1159","433","433","433","1162","1162","1162","520","520","520","1159","1159","1159","433","433","433","1649","1649","1649","520","520","520","1159","1159","1159","433","433","433","2499","2499","2499","520","520","520","1159","1159","1159","433","433","433","2499","2499","2499","520","520","520","1159","1159","1159","433","433","433","2499","2499","2499","520","520","520","1159","1159","1159","433","433","433","2499","2499","2499","520","520","520","1159","1159","1159","433","433","433","2499","2499","2499","520","520","520","1159","1159","1159","433","433","433","2499","2499","2499"
"87","526","526","526","1156","1156","1156","438","438","438","1156","1156","1156","526","526","526","1156","1156","1156","438","438","438","1134","1134","1134","526","526","526","1156","1156","1156","438","438","438","1114","1114","1114","526","526","526","1156","1156","1156","438","438","438","1347","1347","1347","526","526","526","1156","1156","1156","438","438","438","1877","1877","1877","526","526","526","1156","1156","1156","438","438","438","2499","2499","2499","526","526","526","1156","1156","1156","438","438","438","2499","2499","2499","526","526","526","1156","1156","1156","438","438","438","2499","2499","2499","526","526","526","1156","1156","1156","438","438","438","2499","2499","2499","526","526","526","1156","1156","1156","438","438","438","2499","2499","2499","526","526","526","1156","1156","1156","438","438","438","2499","2499","2499"
"88","532","532","532","1157","1157","1157","443","443","443","1145","1145","1145","532","532","532","1157","1157","1157","443","443","443","1113","1113","1113","532","532","532","1157","1157","1157","443","443","443","1155","1155","1155","532","532","532","1157","1157","1157","443","443","443","1438","1438","1438","532","532","532","1157","1157","1157","443","443","443","2189","2189","2189","532","532","532","1157","1157","1157","443","443","443","2499","2499","2499","532","532","532","1157","1157","1157","443","443","443","2499","2499","2499","532","532","532","1157","1157","1157","443","443","443","2499","2499","2499","532","532","532","1157","1157","1157","443","443","443","2499","2499","2499","532","532","532","1157","1157","1157","443","443","443","2499","2499","2499","532","532","532","1157","1157","1157","443","443","443","2499","2499","2499"
"89","538","538","538","1143","1143","1143","448","448","448","1155","1155","1155","538","538","538","1143","1143","1143","448","448","448","1149","1149","1149","538","538","538","1143","1143","1143","448","448","448","1143","1143","1143","538","538","538","1143","1143","1143","448","448","448","1151","1151","1151","538","538","538","1143","1143","1143","448","448","448","1762","1762","1762","538","538","538","1143","1143","1143","448","448","448","2499","2499","2499","538","538","538","1143","1143","1143","448","448","448","2499","2499","2499","538","538","538","1143","1143","1143","448","448","448","2499","2499","2499","538","538","538","1143","1143","1143","448","448","448","2499","2499","2499","538","538","538","1143","1143","1143","448","448","448","2499","2499","2499","538","538","538","1143","1143","1143","448","448","448","2499","2499","2499"