"Evaluate/step_episode","test_ppolag_filter_dis_49600_2025-08-08_13-49-16_1.0 - _step","test_ppolag_filter_dis_49600_2025-08-08_13-49-16_1.0 - _step__MIN","test_ppolag_filter_dis_49600_2025-08-08_13-49-16_1.0 - _step__MAX","test_ppolag_filter_dis_49600_2025-08-08_13-49-16_1.0 - Evaluate/EpProgress","test_ppolag_filter_dis_49600_2025-08-08_13-49-16_1.0 - Evaluate/EpProgress__MIN","test_ppolag_filter_dis_49600_2025-08-08_13-49-16_1.0 - Evaluate/EpProgress__MAX","test_rl_filter_49600_2025-07-20_12-17-12_1.0 - _step","test_rl_filter_49600_2025-07-20_12-17-12_1.0 - _step__MIN","test_rl_filter_49600_2025-07-20_12-17-12_1.0 - _step__MAX","test_rl_filter_49600_2025-07-20_12-17-12_1.0 - Evaluate/EpProgress","test_rl_filter_49600_2025-07-20_12-17-12_1.0 - Evaluate/EpProgress__MIN","test_rl_filter_49600_2025-07-20_12-17-12_1.0 - Evaluate/EpProgress__MAX","test_ppolag_filter_dis_49600_2025-08-08_13-49-16_0.9 - _step","test_ppolag_filter_dis_49600_2025-08-08_13-49-16_0.9 - _step__MIN","test_ppolag_filter_dis_49600_2025-08-08_13-49-16_0.9 - _step__MAX","test_ppolag_filter_dis_49600_2025-08-08_13-49-16_0.9 - Evaluate/EpProgress","test_ppolag_filter_dis_49600_2025-08-08_13-49-16_0.9 - Evaluate/EpProgress__MIN","test_ppolag_filter_dis_49600_2025-08-08_13-49-16_0.9 - Evaluate/EpProgress__MAX","test_rl_filter_49600_2025-07-20_12-17-12_0.9 - _step","test_rl_filter_49600_2025-07-20_12-17-12_0.9 - _step__MIN","test_rl_filter_49600_2025-07-20_12-17-12_0.9 - _step__MAX","test_rl_filter_49600_2025-07-20_12-17-12_0.9 - Evaluate/EpProgress","test_rl_filter_49600_2025-07-20_12-17-12_0.9 - Evaluate/EpProgress__MIN","test_rl_filter_49600_2025-07-20_12-17-12_0.9 - Evaluate/EpProgress__MAX","test_ppolag_filter_dis_49600_2025-08-08_13-49-16_0.8 - _step","test_ppolag_filter_dis_49600_2025-08-08_13-49-16_0.8 - _step__MIN","test_ppolag_filter_dis_49600_2025-08-08_13-49-16_0.8 - _step__MAX","test_ppolag_filter_dis_49600_2025-08-08_13-49-16_0.8 - Evaluate/EpProgress","test_ppolag_filter_dis_49600_2025-08-08_13-49-16_0.8 - Evaluate/EpProgress__MIN","test_ppolag_filter_dis_49600_2025-08-08_13-49-16_0.8 - Evaluate/EpProgress__MAX","test_rl_filter_49600_2025-07-20_12-17-12_0.8 - _step","test_rl_filter_49600_2025-07-20_12-17-12_0.8 - _step__MIN","test_rl_filter_49600_2025-07-20_12-17-12_0.8 - _step__MAX","test_rl_filter_49600_2025-07-20_12-17-12_0.8 - Evaluate/EpProgress","test_rl_filter_49600_2025-07-20_12-17-12_0.8 - Evaluate/EpProgress__MIN","test_rl_filter_49600_2025-07-20_12-17-12_0.8 - Evaluate/EpProgress__MAX","test_ppolag_filter_dis_49600_2025-08-08_13-49-16_0.7 - _step","test_ppolag_filter_dis_49600_2025-08-08_13-49-16_0.7 - _step__MIN","test_ppolag_filter_dis_49600_2025-08-08_13-49-16_0.7 - _step__MAX","test_ppolag_filter_dis_49600_2025-08-08_13-49-16_0.7 - Evaluate/EpProgress","test_ppolag_filter_dis_49600_2025-08-08_13-49-16_0.7 - Evaluate/EpProgress__MIN","test_ppolag_filter_dis_49600_2025-08-08_13-49-16_0.7 - Evaluate/EpProgress__MAX","test_rl_filter_49600_2025-07-20_12-17-12_0.7 - _step","test_rl_filter_49600_2025-07-20_12-17-12_0.7 - _step__MIN","test_rl_filter_49600_2025-07-20_12-17-12_0.7 - _step__MAX","test_rl_filter_49600_2025-07-20_12-17-12_0.7 - Evaluate/EpProgress","test_rl_filter_49600_2025-07-20_12-17-12_0.7 - Evaluate/EpProgress__MIN","test_rl_filter_49600_2025-07-20_12-17-12_0.7 - Evaluate/EpProgress__MAX","test_ppolag_filter_dis_49600_2025-08-08_13-49-16_0.6 - _step","test_ppolag_filter_dis_49600_2025-08-08_13-49-16_0.6 - _step__MIN","test_ppolag_filter_dis_49600_2025-08-08_13-49-16_0.6 - _step__MAX","test_ppolag_filter_dis_49600_2025-08-08_13-49-16_0.6 - Evaluate/EpProgress","test_ppolag_filter_dis_49600_2025-08-08_13-49-16_0.6 - Evaluate/EpProgress__MIN","test_ppolag_filter_dis_49600_2025-08-08_13-49-16_0.6 - Evaluate/EpProgress__MAX","test_rl_filter_49600_2025-07-20_12-17-12_0.6 - _step","test_rl_filter_49600_2025-07-20_12-17-12_0.6 - _step__MIN","test_rl_filter_49600_2025-07-20_12-17-12_0.6 - _step__MAX","test_rl_filter_49600_2025-07-20_12-17-12_0.6 - Evaluate/EpProgress","test_rl_filter_49600_2025-07-20_12-17-12_0.6 - Evaluate/EpProgress__MIN","test_rl_filter_49600_2025-07-20_12-17-12_0.6 - Evaluate/EpProgress__MAX","test_ppolag_filter_dis_49600_2025-08-08_13-49-16_0.5 - _step","test_ppolag_filter_dis_49600_2025-08-08_13-49-16_0.5 - _step__MIN","test_ppolag_filter_dis_49600_2025-08-08_13-49-16_0.5 - _step__MAX","test_ppolag_filter_dis_49600_2025-08-08_13-49-16_0.5 - Evaluate/EpProgress","test_ppolag_filter_dis_49600_2025-08-08_13-49-16_0.5 - Evaluate/EpProgress__MIN","test_ppolag_filter_dis_49600_2025-08-08_13-49-16_0.5 - Evaluate/EpProgress__MAX","test_rl_filter_49600_2025-07-20_12-17-12_0.5 - _step","test_rl_filter_49600_2025-07-20_12-17-12_0.5 - _step__MIN","test_rl_filter_49600_2025-07-20_12-17-12_0.5 - _step__MAX","test_rl_filter_49600_2025-07-20_12-17-12_0.5 - Evaluate/EpProgress","test_rl_filter_49600_2025-07-20_12-17-12_0.5 - Evaluate/EpProgress__MIN","test_rl_filter_49600_2025-07-20_12-17-12_0.5 - Evaluate/EpProgress__MAX","test_ppolag_filter_dis_49600_2025-08-08_13-49-16_0.4 - _step","test_ppolag_filter_dis_49600_2025-08-08_13-49-16_0.4 - _step__MIN","test_ppolag_filter_dis_49600_2025-08-08_13-49-16_0.4 - _step__MAX","test_ppolag_filter_dis_49600_2025-08-08_13-49-16_0.4 - Evaluate/EpProgress","test_ppolag_filter_dis_49600_2025-08-08_13-49-16_0.4 - Evaluate/EpProgress__MIN","test_ppolag_filter_dis_49600_2025-08-08_13-49-16_0.4 - Evaluate/EpProgress__MAX","test_rl_filter_49600_2025-07-20_12-17-12_0.4 - _step","test_rl_filter_49600_2025-07-20_12-17-12_0.4 - _step__MIN","test_rl_filter_49600_2025-07-20_12-17-12_0.4 - _step__MAX","test_rl_filter_49600_2025-07-20_12-17-12_0.4 - Evaluate/EpProgress","test_rl_filter_49600_2025-07-20_12-17-12_0.4 - Evaluate/EpProgress__MIN","test_rl_filter_49600_2025-07-20_12-17-12_0.4 - Evaluate/EpProgress__MAX","test_ppolag_filter_dis_49600_2025-08-08_13-49-16_0.3 - _step","test_ppolag_filter_dis_49600_2025-08-08_13-49-16_0.3 - _step__MIN","test_ppolag_filter_dis_49600_2025-08-08_13-49-16_0.3 - _step__MAX","test_ppolag_filter_dis_49600_2025-08-08_13-49-16_0.3 - Evaluate/EpProgress","test_ppolag_filter_dis_49600_2025-08-08_13-49-16_0.3 - Evaluate/EpProgress__MIN","test_ppolag_filter_dis_49600_2025-08-08_13-49-16_0.3 - Evaluate/EpProgress__MAX","test_rl_filter_49600_2025-07-20_12-17-12_0.3 - _step","test_rl_filter_49600_2025-07-20_12-17-12_0.3 - _step__MIN","test_rl_filter_49600_2025-07-20_12-17-12_0.3 - _step__MAX","test_rl_filter_49600_2025-07-20_12-17-12_0.3 - Evaluate/EpProgress","test_rl_filter_49600_2025-07-20_12-17-12_0.3 - Evaluate/EpProgress__MIN","test_rl_filter_49600_2025-07-20_12-17-12_0.3 - Evaluate/EpProgress__MAX","test_ppolag_filter_dis_49600_2025-08-08_13-49-16_0.2 - _step","test_ppolag_filter_dis_49600_2025-08-08_13-49-16_0.2 - _step__MIN","test_ppolag_filter_dis_49600_2025-08-08_13-49-16_0.2 - _step__MAX","test_ppolag_filter_dis_49600_2025-08-08_13-49-16_0.2 - Evaluate/EpProgress","test_ppolag_filter_dis_49600_2025-08-08_13-49-16_0.2 - Evaluate/EpProgress__MIN","test_ppolag_filter_dis_49600_2025-08-08_13-49-16_0.2 - Evaluate/EpProgress__MAX","test_rl_filter_49600_2025-07-20_12-17-12_0.2 - _step","test_rl_filter_49600_2025-07-20_12-17-12_0.2 - _step__MIN","test_rl_filter_49600_2025-07-20_12-17-12_0.2 - _step__MAX","test_rl_filter_49600_2025-07-20_12-17-12_0.2 - Evaluate/EpProgress","test_rl_filter_49600_2025-07-20_12-17-12_0.2 - Evaluate/EpProgress__MIN","test_rl_filter_49600_2025-07-20_12-17-12_0.2 - Evaluate/EpProgress__MAX","test_ppolag_filter_dis_49600_2025-08-08_13-49-16_0.1 - _step","test_ppolag_filter_dis_49600_2025-08-08_13-49-16_0.1 - _step__MIN","test_ppolag_filter_dis_49600_2025-08-08_13-49-16_0.1 - _step__MAX","test_ppolag_filter_dis_49600_2025-08-08_13-49-16_0.1 - Evaluate/EpProgress","test_ppolag_filter_dis_49600_2025-08-08_13-49-16_0.1 - Evaluate/EpProgress__MIN","test_ppolag_filter_dis_49600_2025-08-08_13-49-16_0.1 - Evaluate/EpProgress__MAX","test_rl_filter_49600_2025-07-20_12-17-12_0.1 - _step","test_rl_filter_49600_2025-07-20_12-17-12_0.1 - _step__MIN","test_rl_filter_49600_2025-07-20_12-17-12_0.1 - _step__MAX","test_rl_filter_49600_2025-07-20_12-17-12_0.1 - Evaluate/EpProgress","test_rl_filter_49600_2025-07-20_12-17-12_0.1 - Evaluate/EpProgress__MIN","test_rl_filter_49600_2025-07-20_12-17-12_0.1 - Evaluate/EpProgress__MAX","test_ppolag_filter_dis_49600_2025-08-08_13-49-16_0.0 - _step","test_ppolag_filter_dis_49600_2025-08-08_13-49-16_0.0 - _step__MIN","test_ppolag_filter_dis_49600_2025-08-08_13-49-16_0.0 - _step__MAX","test_ppolag_filter_dis_49600_2025-08-08_13-49-16_0.0 - Evaluate/EpProgress","test_ppolag_filter_dis_49600_2025-08-08_13-49-16_0.0 - Evaluate/EpProgress__MIN","test_ppolag_filter_dis_49600_2025-08-08_13-49-16_0.0 - Evaluate/EpProgress__MAX","test_rl_filter_49600_2025-07-20_12-17-12_0.0 - _step","test_rl_filter_49600_2025-07-20_12-17-12_0.0 - _step__MIN","test_rl_filter_49600_2025-07-20_12-17-12_0.0 - _step__MAX","test_rl_filter_49600_2025-07-20_12-17-12_0.0 - Evaluate/EpProgress","test_rl_filter_49600_2025-07-20_12-17-12_0.0 - Evaluate/EpProgress__MIN","test_rl_filter_49600_2025-07-20_12-17-12_0.0 - Evaluate/EpProgress__MAX"
"0","4","4","4","1","1","1","3","3","3","1","1","1","4","4","4","1","1","1","3","3","3","1","1","1","4","4","4","1","1","1","3","3","3","0.6","0.6","0.6","4","4","4","1","1","1","3","3","3","0.4","0.4","0.4","4","4","4","1","1","1","3","3","3","0.2","0.2","0.2","4","4","4","1","1","1","3","3","3","0","0","0","4","4","4","1","1","1","3","3","3","0","0","0","4","4","4","1","1","1","3","3","3","0","0","0","4","4","4","1","1","1","3","3","3","0","0","0","4","4","4","1","1","1","3","3","3","0","0","0","4","4","4","1","1","1","3","3","3","0","0","0"
"1","10","10","10","1","1","1","8","8","8","1","1","1","10","10","10","1","1","1","8","8","8","1","1","1","10","10","10","1","1","1","8","8","8","1","1","1","10","10","10","1","1","1","8","8","8","0.6","0.6","0.6","10","10","10","1","1","1","8","8","8","0.2","0.2","0.2","10","10","10","1","1","1","8","8","8","0.2","0.2","0.2","10","10","10","1","1","1","8","8","8","0","0","0","10","10","10","1","1","1","8","8","8","0","0","0","10","10","10","1","1","1","8","8","8","0","0","0","10","10","10","1","1","1","8","8","8","0","0","0","10","10","10","1","1","1","8","8","8","0","0","0"
"2","16","16","16","1","1","1","13","13","13","1","1","1","16","16","16","1","1","1","13","13","13","1","1","1","16","16","16","1","1","1","13","13","13","1","1","1","16","16","16","1","1","1","13","13","13","0.2","0.2","0.2","16","16","16","1","1","1","13","13","13","0.4","0.4","0.4","16","16","16","1","1","1","13","13","13","0.2","0.2","0.2","16","16","16","1","1","1","13","13","13","0.2","0.2","0.2","16","16","16","1","1","1","13","13","13","0","0","0","16","16","16","1","1","1","13","13","13","0","0","0","16","16","16","1","1","1","13","13","13","0","0","0","16","16","16","1","1","1","13","13","13","0","0","0"
"3","22","22","22","1","1","1","18","18","18","1","1","1","22","22","22","1","1","1","18","18","18","1","1","1","22","22","22","1","1","1","18","18","18","0.6","0.6","0.6","22","22","22","1","1","1","18","18","18","0.4","0.4","0.4","22","22","22","1","1","1","18","18","18","0.2","0.2","0.2","22","22","22","1","1","1","18","18","18","0","0","0","22","22","22","1","1","1","18","18","18","0","0","0","22","22","22","1","1","1","18","18","18","0","0","0","22","22","22","1","1","1","18","18","18","0","0","0","22","22","22","1","1","1","18","18","18","0","0","0","22","22","22","1","1","1","18","18","18","0","0","0"
"4","28","28","28","1","1","1","23","23","23","1","1","1","28","28","28","1","1","1","23","23","23","1","1","1","28","28","28","1","1","1","23","23","23","0.8","0.8","0.8","28","28","28","1","1","1","23","23","23","0.4","0.4","0.4","28","28","28","1","1","1","23","23","23","0.2","0.2","0.2","28","28","28","1","1","1","23","23","23","0.1","0.1","0.1","28","28","28","1","1","1","23","23","23","0","0","0","28","28","28","1","1","1","23","23","23","0","0","0","28","28","28","1","1","1","23","23","23","0","0","0","28","28","28","1","1","1","23","23","23","0","0","0","28","28","28","1","1","1","23","23","23","0","0","0"
"5","34","34","34","1","1","1","28","28","28","1","1","1","34","34","34","1","1","1","28","28","28","1","1","1","34","34","34","1","1","1","28","28","28","1","1","1","34","34","34","1","1","1","28","28","28","0.6","0.6","0.6","34","34","34","1","1","1","28","28","28","0.4","0.4","0.4","34","34","34","1","1","1","28","28","28","0.2","0.2","0.2","34","34","34","1","1","1","28","28","28","0","0","0","34","34","34","1","1","1","28","28","28","0","0","0","34","34","34","1","1","1","28","28","28","0","0","0","34","34","34","1","1","1","28","28","28","0","0","0","34","34","34","1","1","1","28","28","28","0","0","0"
"6","40","40","40","1","1","1","33","33","33","1","1","1","40","40","40","1","1","1","33","33","33","1","1","1","40","40","40","1","1","1","33","33","33","1","1","1","40","40","40","1","1","1","33","33","33","0.6","0.6","0.6","40","40","40","1","1","1","33","33","33","0.4","0.4","0.4","40","40","40","1","1","1","33","33","33","0.2","0.2","0.2","40","40","40","1","1","1","33","33","33","0","0","0","40","40","40","1","1","1","33","33","33","0","0","0","40","40","40","1","1","1","33","33","33","0","0","0","40","40","40","1","1","1","33","33","33","0","0","0","40","40","40","1","1","1","33","33","33","0","0","0"
"7","46","46","46","1","1","1","38","38","38","1","1","1","46","46","46","1","1","1","38","38","38","1","1","1","46","46","46","1","1","1","38","38","38","1","1","1","46","46","46","1","1","1","38","38","38","0.6","0.6","0.6","46","46","46","1","1","1","38","38","38","0.4","0.4","0.4","46","46","46","1","1","1","38","38","38","0.2","0.2","0.2","46","46","46","1","1","1","38","38","38","0","0","0","46","46","46","1","1","1","38","38","38","0","0","0","46","46","46","1","1","1","38","38","38","0","0","0","46","46","46","1","1","1","38","38","38","0","0","0","46","46","46","1","1","1","38","38","38","0","0","0"
"8","52","52","52","1","1","1","43","43","43","1","1","1","52","52","52","1","1","1","43","43","43","1","1","1","52","52","52","1","1","1","43","43","43","0.6","0.6","0.6","52","52","52","1","1","1","43","43","43","0.4","0.4","0.4","52","52","52","1","1","1","43","43","43","0.2","0.2","0.2","52","52","52","1","1","1","43","43","43","0","0","0","52","52","52","1","1","1","43","43","43","0","0","0","52","52","52","1","1","1","43","43","43","0","0","0","52","52","52","1","1","1","43","43","43","0","0","0","52","52","52","1","1","1","43","43","43","0","0","0","52","52","52","1","1","1","43","43","43","0","0","0"
"9","58","58","58","1","1","1","48","48","48","1","1","1","58","58","58","1","1","1","48","48","48","1","1","1","58","58","58","1","1","1","48","48","48","1","1","1","58","58","58","1","1","1","48","48","48","0.6","0.6","0.6","58","58","58","1","1","1","48","48","48","0.4","0.4","0.4","58","58","58","1","1","1","48","48","48","0.2","0.2","0.2","58","58","58","1","1","1","48","48","48","0","0","0","58","58","58","1","1","1","48","48","48","0","0","0","58","58","58","1","1","1","48","48","48","0","0","0","58","58","58","1","1","1","48","48","48","0","0","0","58","58","58","1","1","1","48","48","48","0","0","0"
"10","64","64","64","1","1","1","53","53","53","1","1","1","64","64","64","1","1","1","53","53","53","1","1","1","64","64","64","1","1","1","53","53","53","0.6","0.6","0.6","64","64","64","1","1","1","53","53","53","0.4","0.4","0.4","64","64","64","1","1","1","53","53","53","0.2","0.2","0.2","64","64","64","1","1","1","53","53","53","0","0","0","64","64","64","1","1","1","53","53","53","0","0","0","64","64","64","1","1","1","53","53","53","0","0","0","64","64","64","1","1","1","53","53","53","0","0","0","64","64","64","1","1","1","53","53","53","0","0","0","64","64","64","1","1","1","53","53","53","0","0","0"
"11","70","70","70","1","1","1","58","58","58","1","1","1","70","70","70","1","1","1","58","58","58","1","1","1","70","70","70","1","1","1","58","58","58","0.6","0.6","0.6","70","70","70","1","1","1","58","58","58","0.4","0.4","0.4","70","70","70","1","1","1","58","58","58","0.2","0.2","0.2","70","70","70","1","1","1","58","58","58","0","0","0","70","70","70","1","1","1","58","58","58","0","0","0","70","70","70","1","1","1","58","58","58","0","0","0","70","70","70","1","1","1","58","58","58","0","0","0","70","70","70","1","1","1","58","58","58","0","0","0","70","70","70","1","1","1","58","58","58","0","0","0"
"12","76","76","76","1","1","1","63","63","63","1","1","1","76","76","76","1","1","1","63","63","63","1","1","1","76","76","76","1","1","1","63","63","63","0.6","0.6","0.6","76","76","76","1","1","1","63","63","63","0.4","0.4","0.4","76","76","76","1","1","1","63","63","63","0.2","0.2","0.2","76","76","76","1","1","1","63","63","63","0","0","0","76","76","76","1","1","1","63","63","63","0","0","0","76","76","76","1","1","1","63","63","63","0","0","0","76","76","76","1","1","1","63","63","63","0","0","0","76","76","76","1","1","1","63","63","63","0","0","0","76","76","76","1","1","1","63","63","63","0","0","0"
"13","82","82","82","1","1","1","68","68","68","1","1","1","82","82","82","1","1","1","68","68","68","1","1","1","82","82","82","1","1","1","68","68","68","1","1","1","82","82","82","1","1","1","68","68","68","0.6","0.6","0.6","82","82","82","1","1","1","68","68","68","0.4","0.4","0.4","82","82","82","1","1","1","68","68","68","0.2","0.2","0.2","82","82","82","1","1","1","68","68","68","0","0","0","82","82","82","1","1","1","68","68","68","0","0","0","82","82","82","1","1","1","68","68","68","0","0","0","82","82","82","1","1","1","68","68","68","0","0","0","82","82","82","1","1","1","68","68","68","0","0","0"
"14","88","88","88","1","1","1","73","73","73","1","1","1","88","88","88","1","1","1","73","73","73","1","1","1","88","88","88","1","1","1","73","73","73","0.6","0.6","0.6","88","88","88","1","1","1","73","73","73","0.4","0.4","0.4","88","88","88","1","1","1","73","73","73","0.2","0.2","0.2","88","88","88","1","1","1","73","73","73","0","0","0","88","88","88","1","1","1","73","73","73","0","0","0","88","88","88","1","1","1","73","73","73","0","0","0","88","88","88","1","1","1","73","73","73","0","0","0","88","88","88","1","1","1","73","73","73","0","0","0","88","88","88","1","1","1","73","73","73","0","0","0"
"15","94","94","94","1","1","1","78","78","78","1","1","1","94","94","94","1","1","1","78","78","78","1","1","1","94","94","94","1","1","1","78","78","78","0.8","0.8","0.8","94","94","94","1","1","1","78","78","78","0.4","0.4","0.4","94","94","94","1","1","1","78","78","78","0.2","0.2","0.2","94","94","94","1","1","1","78","78","78","0","0","0","94","94","94","1","1","1","78","78","78","0","0","0","94","94","94","1","1","1","78","78","78","0","0","0","94","94","94","1","1","1","78","78","78","0","0","0","94","94","94","1","1","1","78","78","78","0","0","0","94","94","94","1","1","1","78","78","78","0","0","0"
"16","100","100","100","1","1","1","83","83","83","1","1","1","100","100","100","1","1","1","83","83","83","1","1","1","100","100","100","1","1","1","83","83","83","1","1","1","100","100","100","1","1","1","83","83","83","0.6","0.6","0.6","100","100","100","1","1","1","83","83","83","0.4","0.4","0.4","100","100","100","1","1","1","83","83","83","0.2","0.2","0.2","100","100","100","1","1","1","83","83","83","0","0","0","100","100","100","1","1","1","83","83","83","0","0","0","100","100","100","1","1","1","83","83","83","0","0","0","100","100","100","1","1","1","83","83","83","0","0","0","100","100","100","1","1","1","83","83","83","0","0","0"
"17","106","106","106","1","1","1","88","88","88","1","1","1","106","106","106","1","1","1","88","88","88","1","1","1","106","106","106","1","1","1","88","88","88","1","1","1","106","106","106","1","1","1","88","88","88","0.6","0.6","0.6","106","106","106","1","1","1","88","88","88","0.4","0.4","0.4","106","106","106","1","1","1","88","88","88","0.2","0.2","0.2","106","106","106","1","1","1","88","88","88","0","0","0","106","106","106","1","1","1","88","88","88","0","0","0","106","106","106","1","1","1","88","88","88","0","0","0","106","106","106","1","1","1","88","88","88","0","0","0","106","106","106","1","1","1","88","88","88","0","0","0"
"18","112","112","112","1","1","1","93","93","93","1","1","1","112","112","112","1","1","1","93","93","93","1","1","1","112","112","112","1","1","1","93","93","93","1","1","1","112","112","112","1","1","1","93","93","93","0.6","0.6","0.6","112","112","112","1","1","1","93","93","93","0.4","0.4","0.4","112","112","112","1","1","1","93","93","93","0.2","0.2","0.2","112","112","112","1","1","1","93","93","93","0","0","0","112","112","112","1","1","1","93","93","93","0","0","0","112","112","112","1","1","1","93","93","93","0","0","0","112","112","112","1","1","1","93","93","93","0","0","0","112","112","112","1","1","1","93","93","93","0","0","0"
"19","118","118","118","1","1","1","98","98","98","1","1","1","118","118","118","1","1","1","98","98","98","1","1","1","118","118","118","1","1","1","98","98","98","1","1","1","118","118","118","1","1","1","98","98","98","0.6","0.6","0.6","118","118","118","1","1","1","98","98","98","0.4","0.4","0.4","118","118","118","1","1","1","98","98","98","0.2","0.2","0.2","118","118","118","1","1","1","98","98","98","0","0","0","118","118","118","1","1","1","98","98","98","0","0","0","118","118","118","1","1","1","98","98","98","0","0","0","118","118","118","1","1","1","98","98","98","0","0","0","118","118","118","1","1","1","98","98","98","0","0","0"
"20","124","124","124","1","1","1","103","103","103","1","1","1","124","124","124","1","1","1","103","103","103","1","1","1","124","124","124","1","1","1","103","103","103","1","1","1","124","124","124","1","1","1","103","103","103","0.6","0.6","0.6","124","124","124","1","1","1","103","103","103","0.4","0.4","0.4","124","124","124","1","1","1","103","103","103","0.2","0.2","0.2","124","124","124","1","1","1","103","103","103","0","0","0","124","124","124","1","1","1","103","103","103","0","0","0","124","124","124","1","1","1","103","103","103","0","0","0","124","124","124","1","1","1","103","103","103","0","0","0","124","124","124","1","1","1","103","103","103","0","0","0"
"21","130","130","130","1","1","1","108","108","108","1","1","1","130","130","130","1","1","1","108","108","108","1","1","1","130","130","130","1","1","1","108","108","108","0.6","0.6","0.6","130","130","130","1","1","1","108","108","108","0.4","0.4","0.4","130","130","130","1","1","1","108","108","108","0.2","0.2","0.2","130","130","130","1","1","1","108","108","108","0","0","0","130","130","130","1","1","1","108","108","108","0","0","0","130","130","130","1","1","1","108","108","108","0","0","0","130","130","130","1","1","1","108","108","108","0","0","0","130","130","130","1","1","1","108","108","108","0","0","0","130","130","130","1","1","1","108","108","108","0","0","0"
"22","136","136","136","1","1","1","113","113","113","1","1","1","136","136","136","1","1","1","113","113","113","1","1","1","136","136","136","1","1","1","113","113","113","0.6","0.6","0.6","136","136","136","1","1","1","113","113","113","0.4","0.4","0.4","136","136","136","1","1","1","113","113","113","0.2","0.2","0.2","136","136","136","1","1","1","113","113","113","0","0","0","136","136","136","1","1","1","113","113","113","0","0","0","136","136","136","1","1","1","113","113","113","0","0","0","136","136","136","1","1","1","113","113","113","0","0","0","136","136","136","1","1","1","113","113","113","0","0","0","136","136","136","1","1","1","113","113","113","0","0","0"
"23","142","142","142","1","1","1","118","118","118","1","1","1","142","142","142","1","1","1","118","118","118","1","1","1","142","142","142","1","1","1","118","118","118","1","1","1","142","142","142","1","1","1","118","118","118","0.6","0.6","0.6","142","142","142","1","1","1","118","118","118","0.4","0.4","0.4","142","142","142","1","1","1","118","118","118","0.2","0.2","0.2","142","142","142","1","1","1","118","118","118","0","0","0","142","142","142","1","1","1","118","118","118","0","0","0","142","142","142","1","1","1","118","118","118","0","0","0","142","142","142","1","1","1","118","118","118","0","0","0","142","142","142","1","1","1","118","118","118","0","0","0"
"24","148","148","148","1","1","1","123","123","123","1","1","1","148","148","148","1","1","1","123","123","123","1","1","1","148","148","148","1","1","1","123","123","123","0.6","0.6","0.6","148","148","148","1","1","1","123","123","123","0.4","0.4","0.4","148","148","148","1","1","1","123","123","123","0.2","0.2","0.2","148","148","148","1","1","1","123","123","123","0.1","0.1","0.1","148","148","148","1","1","1","123","123","123","0","0","0","148","148","148","1","1","1","123","123","123","0","0","0","148","148","148","1","1","1","123","123","123","0","0","0","148","148","148","1","1","1","123","123","123","0","0","0","148","148","148","1","1","1","123","123","123","0","0","0"
"25","154","154","154","1","1","1","128","128","128","1","1","1","154","154","154","1","1","1","128","128","128","1","1","1","154","154","154","1","1","1","128","128","128","1","1","1","154","154","154","1","1","1","128","128","128","0.6","0.6","0.6","154","154","154","1","1","1","128","128","128","0.4","0.4","0.4","154","154","154","1","1","1","128","128","128","0.2","0.2","0.2","154","154","154","1","1","1","128","128","128","0","0","0","154","154","154","1","1","1","128","128","128","0","0","0","154","154","154","1","1","1","128","128","128","0","0","0","154","154","154","1","1","1","128","128","128","0","0","0","154","154","154","1","1","1","128","128","128","0","0","0"
"26","160","160","160","1","1","1","133","133","133","1","1","1","160","160","160","1","1","1","133","133","133","1","1","1","160","160","160","1","1","1","133","133","133","0.6","0.6","0.6","160","160","160","1","1","1","133","133","133","0.4","0.4","0.4","160","160","160","1","1","1","133","133","133","0.2","0.2","0.2","160","160","160","1","1","1","133","133","133","0","0","0","160","160","160","1","1","1","133","133","133","0","0","0","160","160","160","1","1","1","133","133","133","0","0","0","160","160","160","1","1","1","133","133","133","0","0","0","160","160","160","1","1","1","133","133","133","0","0","0","160","160","160","1","1","1","133","133","133","0","0","0"
"27","166","166","166","1","1","1","138","138","138","1","1","1","166","166","166","1","1","1","138","138","138","1","1","1","166","166","166","1","1","1","138","138","138","0.6","0.6","0.6","166","166","166","1","1","1","138","138","138","0.4","0.4","0.4","166","166","166","1","1","1","138","138","138","0.2","0.2","0.2","166","166","166","1","1","1","138","138","138","0","0","0","166","166","166","1","1","1","138","138","138","0","0","0","166","166","166","1","1","1","138","138","138","0","0","0","166","166","166","1","1","1","138","138","138","0","0","0","166","166","166","1","1","1","138","138","138","0","0","0","166","166","166","1","1","1","138","138","138","0","0","0"
"28","172","172","172","1","1","1","143","143","143","1","1","1","172","172","172","1","1","1","143","143","143","1","1","1","172","172","172","1","1","1","143","143","143","0.6","0.6","0.6","172","172","172","1","1","1","143","143","143","0.4","0.4","0.4","172","172","172","1","1","1","143","143","143","0.2","0.2","0.2","172","172","172","1","1","1","143","143","143","0","0","0","172","172","172","1","1","1","143","143","143","0","0","0","172","172","172","1","1","1","143","143","143","0","0","0","172","172","172","1","1","1","143","143","143","0","0","0","172","172","172","1","1","1","143","143","143","0","0","0","172","172","172","1","1","1","143","143","143","0","0","0"
"29","178","178","178","1","1","1","148","148","148","1","1","1","178","178","178","1","1","1","148","148","148","1","1","1","178","178","178","1","1","1","148","148","148","0.6","0.6","0.6","178","178","178","1","1","1","148","148","148","0.4","0.4","0.4","178","178","178","1","1","1","148","148","148","0.2","0.2","0.2","178","178","178","1","1","1","148","148","148","0","0","0","178","178","178","1","1","1","148","148","148","0","0","0","178","178","178","1","1","1","148","148","148","0","0","0","178","178","178","1","1","1","148","148","148","0","0","0","178","178","178","1","1","1","148","148","148","0","0","0","178","178","178","1","1","1","148","148","148","0","0","0"
"30","184","184","184","1","1","1","153","153","153","1","1","1","184","184","184","1","1","1","153","153","153","1","1","1","184","184","184","1","1","1","153","153","153","1","1","1","184","184","184","1","1","1","153","153","153","1","1","1","184","184","184","1","1","1","153","153","153","0.8","0.8","0.8","184","184","184","1","1","1","153","153","153","0.5","0.5","0.5","184","184","184","1","1","1","153","153","153","0.4","0.4","0.4","184","184","184","1","1","1","153","153","153","0","0","0","184","184","184","1","1","1","153","153","153","0","0","0","184","184","184","1","1","1","153","153","153","0","0","0","184","184","184","1","1","1","153","153","153","0","0","0"
"31","190","190","190","1","1","1","158","158","158","1","1","1","190","190","190","1","1","1","158","158","158","1","1","1","190","190","190","1","1","1","158","158","158","1","1","1","190","190","190","1","1","1","158","158","158","1","1","1","190","190","190","1","1","1","158","158","158","0.6","0.6","0.6","190","190","190","1","1","1","158","158","158","0.3","0.3","0.3","190","190","190","1","1","1","158","158","158","0.2","0.2","0.2","190","190","190","1","1","1","158","158","158","0","0","0","190","190","190","1","1","1","158","158","158","0","0","0","190","190","190","1","1","1","158","158","158","0","0","0","190","190","190","1","1","1","158","158","158","0","0","0"
"32","196","196","196","1","1","1","163","163","163","1","1","1","196","196","196","1","1","1","163","163","163","1","1","1","196","196","196","1","1","1","163","163","163","0.9","0.9","0.9","196","196","196","1","1","1","163","163","163","0.9","0.9","0.9","196","196","196","1","1","1","163","163","163","0.8","0.8","0.8","196","196","196","1","1","1","163","163","163","0.4","0.4","0.4","196","196","196","1","1","1","163","163","163","0.2","0.2","0.2","196","196","196","1","1","1","163","163","163","0","0","0","196","196","196","1","1","1","163","163","163","0","0","0","196","196","196","1","1","1","163","163","163","0","0","0","196","196","196","1","1","1","163","163","163","0","0","0"
"33","202","202","202","1","1","1","168","168","168","1","1","1","202","202","202","1","1","1","168","168","168","1","1","1","202","202","202","1","1","1","168","168","168","1","1","1","202","202","202","1","1","1","168","168","168","0.9","0.9","0.9","202","202","202","1","1","1","168","168","168","0.3","0.3","0.3","202","202","202","1","1","1","168","168","168","0.4","0.4","0.4","202","202","202","1","1","1","168","168","168","0.2","0.2","0.2","202","202","202","1","1","1","168","168","168","0","0","0","202","202","202","1","1","1","168","168","168","0","0","0","202","202","202","1","1","1","168","168","168","0","0","0","202","202","202","1","1","1","168","168","168","0","0","0"
"34","208","208","208","1","1","1","173","173","173","1","1","1","208","208","208","1","1","1","173","173","173","1","1","1","208","208","208","1","1","1","173","173","173","0.9","0.9","0.9","208","208","208","1","1","1","173","173","173","1","1","1","208","208","208","1","1","1","173","173","173","0.7","0.7","0.7","208","208","208","1","1","1","173","173","173","0.4","0.4","0.4","208","208","208","1","1","1","173","173","173","0.2","0.2","0.2","208","208","208","1","1","1","173","173","173","0","0","0","208","208","208","1","1","1","173","173","173","0","0","0","208","208","208","1","1","1","173","173","173","0","0","0","208","208","208","1","1","1","173","173","173","0","0","0"
"35","214","214","214","1","1","1","178","178","178","1","1","1","214","214","214","1","1","1","178","178","178","1","1","1","214","214","214","1","1","1","178","178","178","1","1","1","214","214","214","1","1","1","178","178","178","0.9","0.9","0.9","214","214","214","1","1","1","178","178","178","0.8","0.8","0.8","214","214","214","1","1","1","178","178","178","0.6","0.6","0.6","214","214","214","1","1","1","178","178","178","0.3","0.3","0.3","214","214","214","1","1","1","178","178","178","0","0","0","214","214","214","1","1","1","178","178","178","0","0","0","214","214","214","1","1","1","178","178","178","0","0","0","214","214","214","1","1","1","178","178","178","0","0","0"
"36","220","220","220","1","1","1","183","183","183","1","1","1","220","220","220","1","1","1","183","183","183","1","1","1","220","220","220","1","1","1","183","183","183","1","1","1","220","220","220","1","1","1","183","183","183","1","1","1","220","220","220","1","1","1","183","183","183","0.9","0.9","0.9","220","220","220","1","1","1","183","183","183","0.5","0.5","0.5","220","220","220","1","1","1","183","183","183","0.2","0.2","0.2","220","220","220","1","1","1","183","183","183","0","0","0","220","220","220","1","1","1","183","183","183","0","0","0","220","220","220","1","1","1","183","183","183","0","0","0","220","220","220","1","1","1","183","183","183","0","0","0"
"37","226","226","226","1","1","1","188","188","188","1","1","1","226","226","226","1","1","1","188","188","188","1","1","1","226","226","226","1","1","1","188","188","188","1","1","1","226","226","226","1","1","1","188","188","188","1","1","1","226","226","226","1","1","1","188","188","188","1","1","1","226","226","226","1","1","1","188","188","188","0.6","0.6","0.6","226","226","226","1","1","1","188","188","188","0.4","0.4","0.4","226","226","226","1","1","1","188","188","188","0.1","0.1","0.1","226","226","226","1","1","1","188","188","188","0","0","0","226","226","226","1","1","1","188","188","188","0","0","0","226","226","226","1","1","1","188","188","188","0","0","0"
"38","232","232","232","1","1","1","193","193","193","1","1","1","232","232","232","1","1","1","193","193","193","1","1","1","232","232","232","1","1","1","193","193","193","1","1","1","232","232","232","1","1","1","193","193","193","0.9","0.9","0.9","232","232","232","1","1","1","193","193","193","0.8","0.8","0.8","232","232","232","1","1","1","193","193","193","0.3","0.3","0.3","232","232","232","1","1","1","193","193","193","0.3","0.3","0.3","232","232","232","1","1","1","193","193","193","0","0","0","232","232","232","1","1","1","193","193","193","0","0","0","232","232","232","1","1","1","193","193","193","0","0","0","232","232","232","1","1","1","193","193","193","0","0","0"
"39","238","238","238","1","1","1","198","198","198","1","1","1","238","238","238","1","1","1","198","198","198","1","1","1","238","238","238","1","1","1","198","198","198","1","1","1","238","238","238","1","1","1","198","198","198","1","1","1","238","238","238","1","1","1","198","198","198","0.7","0.7","0.7","238","238","238","1","1","1","198","198","198","0.4","0.4","0.4","238","238","238","1","1","1","198","198","198","0.2","0.2","0.2","238","238","238","1","1","1","198","198","198","0","0","0","238","238","238","1","1","1","198","198","198","0","0","0","238","238","238","1","1","1","198","198","198","0","0","0","238","238","238","1","1","1","198","198","198","0","0","0"
"40","244","244","244","1","1","1","203","203","203","1","1","1","244","244","244","1","1","1","203","203","203","1","1","1","244","244","244","1","1","1","203","203","203","0.9","0.9","0.9","244","244","244","1","1","1","203","203","203","0.8","0.8","0.8","244","244","244","1","1","1","203","203","203","0.6","0.6","0.6","244","244","244","1","1","1","203","203","203","0.3","0.3","0.3","244","244","244","1","1","1","203","203","203","0.1","0.1","0.1","244","244","244","1","1","1","203","203","203","0","0","0","244","244","244","1","1","1","203","203","203","0","0","0","244","244","244","1","1","1","203","203","203","0","0","0","244","244","244","1","1","1","203","203","203","0","0","0"
"41","250","250","250","1","1","1","208","208","208","1","1","1","250","250","250","1","1","1","208","208","208","0.9","0.9","0.9","250","250","250","1","1","1","208","208","208","0.9","0.9","0.9","250","250","250","1","1","1","208","208","208","0.9","0.9","0.9","250","250","250","1","1","1","208","208","208","0.7","0.7","0.7","250","250","250","1","1","1","208","208","208","0.4","0.4","0.4","250","250","250","1","1","1","208","208","208","0.2","0.2","0.2","250","250","250","1","1","1","208","208","208","0","0","0","250","250","250","1","1","1","208","208","208","0","0","0","250","250","250","1","1","1","208","208","208","0","0","0","250","250","250","1","1","1","208","208","208","0","0","0"
"42","256","256","256","1","1","1","213","213","213","1","1","1","256","256","256","1","1","1","213","213","213","0.9","0.9","0.9","256","256","256","1","1","1","213","213","213","1","1","1","256","256","256","1","1","1","213","213","213","1","1","1","256","256","256","1","1","1","213","213","213","0.6","0.6","0.6","256","256","256","1","1","1","213","213","213","0.3","0.3","0.3","256","256","256","1","1","1","213","213","213","0.2","0.2","0.2","256","256","256","1","1","1","213","213","213","0","0","0","256","256","256","1","1","1","213","213","213","0","0","0","256","256","256","1","1","1","213","213","213","0","0","0","256","256","256","1","1","1","213","213","213","0","0","0"
"43","262","262","262","1","1","1","218","218","218","1","1","1","262","262","262","1","1","1","218","218","218","1","1","1","262","262","262","1","1","1","218","218","218","0.9","0.9","0.9","262","262","262","1","1","1","218","218","218","1","1","1","262","262","262","1","1","1","218","218","218","0.8","0.8","0.8","262","262","262","1","1","1","218","218","218","0.6","0.6","0.6","262","262","262","1","1","1","218","218","218","0.2","0.2","0.2","262","262","262","1","1","1","218","218","218","0","0","0","262","262","262","1","1","1","218","218","218","0","0","0","262","262","262","1","1","1","218","218","218","0","0","0","262","262","262","1","1","1","218","218","218","0","0","0"
"44","268","268","268","1","1","1","223","223","223","1","1","1","268","268","268","1","1","1","223","223","223","1","1","1","268","268","268","1","1","1","223","223","223","1","1","1","268","268","268","1","1","1","223","223","223","1","1","1","268","268","268","1","1","1","223","223","223","0.7","0.7","0.7","268","268","268","1","1","1","223","223","223","0.4","0.4","0.4","268","268","268","1","1","1","223","223","223","0.2","0.2","0.2","268","268","268","1","1","1","223","223","223","0","0","0","268","268","268","1","1","1","223","223","223","0","0","0","268","268","268","1","1","1","223","223","223","0","0","0","268","268","268","1","1","1","223","223","223","0","0","0"
"45","274","274","274","1","1","1","228","228","228","1","1","1","274","274","274","1","1","1","228","228","228","1","1","1","274","274","274","1","1","1","228","228","228","1","1","1","274","274","274","1","1","1","228","228","228","1","1","1","274","274","274","1","1","1","228","228","228","0.6","0.6","0.6","274","274","274","1","1","1","228","228","228","0.3","0.3","0.3","274","274","274","1","1","1","228","228","228","0.1","0.1","0.1","274","274","274","1","1","1","228","228","228","0","0","0","274","274","274","1","1","1","228","228","228","0","0","0","274","274","274","1","1","1","228","228","228","0","0","0","274","274","274","1","1","1","228","228","228","0","0","0"
"46","280","280","280","1","1","1","233","233","233","1","1","1","280","280","280","1","1","1","233","233","233","1","1","1","280","280","280","1","1","1","233","233","233","1","1","1","280","280","280","1","1","1","233","233","233","1","1","1","280","280","280","1","1","1","233","233","233","0.5","0.5","0.5","280","280","280","1","1","1","233","233","233","0.3","0.3","0.3","280","280","280","1","1","1","233","233","233","0.1","0.1","0.1","280","280","280","1","1","1","233","233","233","0","0","0","280","280","280","1","1","1","233","233","233","0","0","0","280","280","280","1","1","1","233","233","233","0","0","0","280","280","280","1","1","1","233","233","233","0","0","0"
"47","286","286","286","1","1","1","238","238","238","1","1","1","286","286","286","1","1","1","238","238","238","1","1","1","286","286","286","1","1","1","238","238","238","1","1","1","286","286","286","1","1","1","238","238","238","0.9","0.9","0.9","286","286","286","1","1","1","238","238","238","0.8","0.8","0.8","286","286","286","1","1","1","238","238","238","0.4","0.4","0.4","286","286","286","1","1","1","238","238","238","0.2","0.2","0.2","286","286","286","1","1","1","238","238","238","0","0","0","286","286","286","1","1","1","238","238","238","0","0","0","286","286","286","1","1","1","238","238","238","0","0","0","286","286","286","1","1","1","238","238","238","0","0","0"
"48","292","292","292","1","1","1","243","243","243","1","1","1","292","292","292","1","1","1","243","243","243","1","1","1","292","292","292","1","1","1","243","243","243","0.9","0.9","0.9","292","292","292","1","1","1","243","243","243","0.9","0.9","0.9","292","292","292","1","1","1","243","243","243","0.8","0.8","0.8","292","292","292","1","1","1","243","243","243","0.4","0.4","0.4","292","292","292","1","1","1","243","243","243","0.3","0.3","0.3","292","292","292","1","1","1","243","243","243","0","0","0","292","292","292","1","1","1","243","243","243","0","0","0","292","292","292","1","1","1","243","243","243","0","0","0","292","292","292","1","1","1","243","243","243","0","0","0"
"49","298","298","298","1","1","1","248","248","248","1","1","1","298","298","298","1","1","1","248","248","248","1","1","1","298","298","298","1","1","1","248","248","248","0.9","0.9","0.9","298","298","298","1","1","1","248","248","248","1","1","1","298","298","298","1","1","1","248","248","248","0.7","0.7","0.7","298","298","298","1","1","1","248","248","248","0.4","0.4","0.4","298","298","298","1","1","1","248","248","248","0.2","0.2","0.2","298","298","298","1","1","1","248","248","248","0","0","0","298","298","298","1","1","1","248","248","248","0","0","0","298","298","298","1","1","1","248","248","248","0","0","0","298","298","298","1","1","1","248","248","248","0","0","0"
"50","304","304","304","1","1","1","253","253","253","1","1","1","304","304","304","1","1","1","253","253","253","1","1","1","304","304","304","1","1","1","253","253","253","1","1","1","304","304","304","1","1","1","253","253","253","0.9","0.9","0.9","304","304","304","1","1","1","253","253","253","0.8","0.8","0.8","304","304","304","1","1","1","253","253","253","0.6","0.6","0.6","304","304","304","1","1","1","253","253","253","0.2","0.2","0.2","304","304","304","1","1","1","253","253","253","0","0","0","304","304","304","1","1","1","253","253","253","0","0","0","304","304","304","1","1","1","253","253","253","0","0","0","304","304","304","1","1","1","253","253","253","0","0","0"
"51","310","310","310","1","1","1","258","258","258","1","1","1","310","310","310","1","1","1","258","258","258","1","1","1","310","310","310","1","1","1","258","258","258","1","1","1","310","310","310","1","1","1","258","258","258","1","1","1","310","310","310","1","1","1","258","258","258","1","1","1","310","310","310","1","1","1","258","258","258","0.6","0.6","0.6","310","310","310","1","1","1","258","258","258","0.4","0.4","0.4","310","310","310","1","1","1","258","258","258","0.2","0.2","0.2","310","310","310","1","1","1","258","258","258","0","0","0","310","310","310","1","1","1","258","258","258","0","0","0","310","310","310","1","1","1","258","258","258","0","0","0"
"52","316","316","316","1","1","1","263","263","263","1","1","1","316","316","316","1","1","1","263","263","263","1","1","1","316","316","316","1","1","1","263","263","263","1","1","1","316","316","316","1","1","1","263","263","263","1","1","1","316","316","316","1","1","1","263","263","263","0.8","0.8","0.8","316","316","316","1","1","1","263","263","263","0.5","0.5","0.5","316","316","316","1","1","1","263","263","263","0.3","0.3","0.3","316","316","316","1","1","1","263","263","263","0","0","0","316","316","316","1","1","1","263","263","263","0","0","0","316","316","316","1","1","1","263","263","263","0","0","0","316","316","316","1","1","1","263","263","263","0","0","0"
"53","322","322","322","1","1","1","268","268","268","1","1","1","322","322","322","1","1","1","268","268","268","0.9","0.9","0.9","322","322","322","1","1","1","268","268","268","1","1","1","322","322","322","1","1","1","268","268","268","1","1","1","322","322","322","1","1","1","268","268","268","0.6","0.6","0.6","322","322","322","1","1","1","268","268","268","0.4","0.4","0.4","322","322","322","1","1","1","268","268","268","0.2","0.2","0.2","322","322","322","1","1","1","268","268","268","0","0","0","322","322","322","1","1","1","268","268","268","0","0","0","322","322","322","1","1","1","268","268","268","0","0","0","322","322","322","1","1","1","268","268","268","0","0","0"
"54","328","328","328","1","1","1","273","273","273","1","1","1","328","328","328","1","1","1","273","273","273","1","1","1","328","328","328","1","1","1","273","273","273","1","1","1","328","328","328","1","1","1","273","273","273","1","1","1","328","328","328","1","1","1","273","273","273","0.7","0.7","0.7","328","328","328","1","1","1","273","273","273","0.4","0.4","0.4","328","328","328","1","1","1","273","273","273","0.2","0.2","0.2","328","328","328","1","1","1","273","273","273","0","0","0","328","328","328","1","1","1","273","273","273","0","0","0","328","328","328","1","1","1","273","273","273","0","0","0","328","328","328","1","1","1","273","273","273","0","0","0"
"55","334","334","334","1","1","1","278","278","278","1","1","1","334","334","334","1","1","1","278","278","278","0.9","0.9","0.9","334","334","334","1","1","1","278","278","278","0.9","0.9","0.9","334","334","334","1","1","1","278","278","278","1","1","1","334","334","334","1","1","1","278","278","278","1","1","1","334","334","334","1","1","1","278","278","278","0.4","0.4","0.4","334","334","334","1","1","1","278","278","278","0.4","0.4","0.4","334","334","334","1","1","1","278","278","278","0","0","0","334","334","334","1","1","1","278","278","278","0","0","0","334","334","334","1","1","1","278","278","278","0","0","0","334","334","334","1","1","1","278","278","278","0","0","0"
"56","340","340","340","1","1","1","283","283","283","1","1","1","340","340","340","1","1","1","283","283","283","1","1","1","340","340","340","1","1","1","283","283","283","0.8","0.8","0.8","340","340","340","1","1","1","283","283","283","0.9","0.9","0.9","340","340","340","1","1","1","283","283","283","0.9","0.9","0.9","340","340","340","1","1","1","283","283","283","0.5","0.5","0.5","340","340","340","1","1","1","283","283","283","0.2","0.2","0.2","340","340","340","1","1","1","283","283","283","0","0","0","340","340","340","1","1","1","283","283","283","0","0","0","340","340","340","1","1","1","283","283","283","0","0","0","340","340","340","1","1","1","283","283","283","0","0","0"
"57","346","346","346","1","1","1","288","288","288","1","1","1","346","346","346","1","1","1","288","288","288","0.9","0.9","0.9","346","346","346","1","1","1","288","288","288","0.9","0.9","0.9","346","346","346","1","1","1","288","288","288","0.9","0.9","0.9","346","346","346","1","1","1","288","288","288","0.6","0.6","0.6","346","346","346","1","1","1","288","288","288","0.4","0.4","0.4","346","346","346","1","1","1","288","288","288","0.1","0.1","0.1","346","346","346","1","1","1","288","288","288","0","0","0","346","346","346","1","1","1","288","288","288","0","0","0","346","346","346","1","1","1","288","288","288","0","0","0","346","346","346","1","1","1","288","288","288","0","0","0"
"58","352","352","352","1","1","1","293","293","293","1","1","1","352","352","352","1","1","1","293","293","293","1","1","1","352","352","352","1","1","1","293","293","293","1","1","1","352","352","352","1","1","1","293","293","293","0.9","0.9","0.9","352","352","352","1","1","1","293","293","293","0.6","0.6","0.6","352","352","352","1","1","1","293","293","293","0.3","0.3","0.3","352","352","352","1","1","1","293","293","293","0.2","0.2","0.2","352","352","352","1","1","1","293","293","293","0","0","0","352","352","352","1","1","1","293","293","293","0","0","0","352","352","352","1","1","1","293","293","293","0","0","0","352","352","352","1","1","1","293","293","293","0","0","0"
"59","358","358","358","1","1","1","298","298","298","1","1","1","358","358","358","1","1","1","298","298","298","1","1","1","358","358","358","1","1","1","298","298","298","1","1","1","358","358","358","1","1","1","298","298","298","0.9","0.9","0.9","358","358","358","1","1","1","298","298","298","0.8","0.8","0.8","358","358","358","1","1","1","298","298","298","0.4","0.4","0.4","358","358","358","1","1","1","298","298","298","0.2","0.2","0.2","358","358","358","1","1","1","298","298","298","0.1","0.1","0.1","358","358","358","1","1","1","298","298","298","0","0","0","358","358","358","1","1","1","298","298","298","0","0","0","358","358","358","1","1","1","298","298","298","0","0","0"
"60","364","364","364","1","1","1","303","303","303","1","1","1","364","364","364","1","1","1","303","303","303","1","1","1","364","364","364","1","1","1","303","303","303","0.9","0.9","0.9","364","364","364","1","1","1","303","303","303","1","1","1","364","364","364","1","1","1","303","303","303","1","1","1","364","364","364","1","1","1","303","303","303","0.7","0.7","0.7","364","364","364","1","1","1","303","303","303","0.4","0.4","0.4","364","364","364","1","1","1","303","303","303","0","0","0","364","364","364","1","1","1","303","303","303","0","0","0","364","364","364","1","1","1","303","303","303","0","0","0","364","364","364","1","1","1","303","303","303","0","0","0"
"61","370","370","370","1","1","1","308","308","308","1","1","1","370","370","370","1","1","1","308","308","308","1","1","1","370","370","370","1","1","1","308","308","308","1","1","1","370","370","370","1","1","1","308","308","308","1","1","1","370","370","370","1","1","1","308","308","308","1","1","1","370","370","370","1","1","1","308","308","308","0.8","0.8","0.8","370","370","370","1","1","1","308","308","308","0.4","0.4","0.4","370","370","370","1","1","1","308","308","308","0","0","0","370","370","370","1","1","1","308","308","308","0","0","0","370","370","370","1","1","1","308","308","308","0","0","0","370","370","370","1","1","1","308","308","308","0","0","0"
"62","376","376","376","1","1","1","313","313","313","1","1","1","376","376","376","1","1","1","313","313","313","1","1","1","376","376","376","1","1","1","313","313","313","1","1","1","376","376","376","1","1","1","313","313","313","1","1","1","376","376","376","1","1","1","313","313","313","1","1","1","376","376","376","1","1","1","313","313","313","0.8","0.8","0.8","376","376","376","1","1","1","313","313","313","0.4","0.4","0.4","376","376","376","1","1","1","313","313","313","0","0","0","376","376","376","1","1","1","313","313","313","0","0","0","376","376","376","1","1","1","313","313","313","0","0","0","376","376","376","1","1","1","313","313","313","0","0","0"
"63","382","382","382","1","1","1","318","318","318","1","1","1","382","382","382","1","1","1","318","318","318","1","1","1","382","382","382","1","1","1","318","318","318","1","1","1","382","382","382","1","1","1","318","318","318","1","1","1","382","382","382","1","1","1","318","318","318","1","1","1","382","382","382","1","1","1","318","318","318","0.6","0.6","0.6","382","382","382","1","1","1","318","318","318","0.2","0.2","0.2","382","382","382","1","1","1","318","318","318","0","0","0","382","382","382","1","1","1","318","318","318","0","0","0","382","382","382","1","1","1","318","318","318","0","0","0","382","382","382","1","1","1","318","318","318","0","0","0"
"64","388","388","388","1","1","1","323","323","323","1","1","1","388","388","388","1","1","1","323","323","323","1","1","1","388","388","388","1","1","1","323","323","323","1","1","1","388","388","388","1","1","1","323","323","323","1","1","1","388","388","388","1","1","1","323","323","323","0.3","0.3","0.3","388","388","388","1","1","1","323","323","323","0.8","0.8","0.8","388","388","388","1","1","1","323","323","323","0.4","0.4","0.4","388","388","388","1","1","1","323","323","323","0","0","0","388","388","388","1","1","1","323","323","323","0","0","0","388","388","388","1","1","1","323","323","323","0","0","0","388","388","388","1","1","1","323","323","323","0","0","0"
"65","394","394","394","1","1","1","328","328","328","1","1","1","394","394","394","1","1","1","328","328","328","1","1","1","394","394","394","1","1","1","328","328","328","1","1","1","394","394","394","1","1","1","328","328","328","1","1","1","394","394","394","1","1","1","328","328","328","1","1","1","394","394","394","1","1","1","328","328","328","0.3","0.3","0.3","394","394","394","1","1","1","328","328","328","0.5","0.5","0.5","394","394","394","1","1","1","328","328","328","0.2","0.2","0.2","394","394","394","1","1","1","328","328","328","0","0","0","394","394","394","1","1","1","328","328","328","0","0","0","394","394","394","1","1","1","328","328","328","0","0","0"
"66","400","400","400","1","1","1","333","333","333","1","1","1","400","400","400","1","1","1","333","333","333","1","1","1","400","400","400","1","1","1","333","333","333","1","1","1","400","400","400","1","1","1","333","333","333","1","1","1","400","400","400","1","1","1","333","333","333","1","1","1","400","400","400","1","1","1","333","333","333","0.8","0.8","0.8","400","400","400","1","1","1","333","333","333","0.4","0.4","0.4","400","400","400","1","1","1","333","333","333","0.1","0.1","0.1","400","400","400","1","1","1","333","333","333","0","0","0","400","400","400","1","1","1","333","333","333","0","0","0","400","400","400","1","1","1","333","333","333","0","0","0"
"67","406","406","406","1","1","1","338","338","338","1","1","1","406","406","406","1","1","1","338","338","338","1","1","1","406","406","406","1","1","1","338","338","338","1","1","1","406","406","406","1","1","1","338","338","338","1","1","1","406","406","406","1","1","1","338","338","338","1","1","1","406","406","406","1","1","1","338","338","338","1","1","1","406","406","406","1","1","1","338","338","338","0.4","0.4","0.4","406","406","406","1","1","1","338","338","338","0.2","0.2","0.2","406","406","406","1","1","1","338","338","338","0","0","0","406","406","406","1","1","1","338","338","338","0","0","0","406","406","406","1","1","1","338","338","338","0","0","0"
"68","412","412","412","1","1","1","343","343","343","1","1","1","412","412","412","1","1","1","343","343","343","1","1","1","412","412","412","1","1","1","343","343","343","1","1","1","412","412","412","1","1","1","343","343","343","1","1","1","412","412","412","1","1","1","343","343","343","0.7","0.7","0.7","412","412","412","1","1","1","343","343","343","0.3","0.3","0.3","412","412","412","1","1","1","343","343","343","0.2","0.2","0.2","412","412","412","1","1","1","343","343","343","0","0","0","412","412","412","1","1","1","343","343","343","0","0","0","412","412","412","1","1","1","343","343","343","0","0","0","412","412","412","1","1","1","343","343","343","0","0","0"
"69","418","418","418","1","1","1","348","348","348","1","1","1","418","418","418","1","1","1","348","348","348","1","1","1","418","418","418","1","1","1","348","348","348","1","1","1","418","418","418","1","1","1","348","348","348","1","1","1","418","418","418","1","1","1","348","348","348","1","1","1","418","418","418","1","1","1","348","348","348","0.8","0.8","0.8","418","418","418","1","1","1","348","348","348","0.4","0.4","0.4","418","418","418","1","1","1","348","348","348","0","0","0","418","418","418","1","1","1","348","348","348","0","0","0","418","418","418","1","1","1","348","348","348","0","0","0","418","418","418","1","1","1","348","348","348","0","0","0"
"70","424","424","424","1","1","1","353","353","353","1","1","1","424","424","424","1","1","1","353","353","353","1","1","1","424","424","424","1","1","1","353","353","353","1","1","1","424","424","424","1","1","1","353","353","353","1","1","1","424","424","424","1","1","1","353","353","353","1","1","1","424","424","424","1","1","1","353","353","353","0.8","0.8","0.8","424","424","424","1","1","1","353","353","353","0.4","0.4","0.4","424","424","424","1","1","1","353","353","353","0","0","0","424","424","424","1","1","1","353","353","353","0","0","0","424","424","424","1","1","1","353","353","353","0","0","0","424","424","424","1","1","1","353","353","353","0","0","0"
"71","430","430","430","1","1","1","358","358","358","1","1","1","430","430","430","1","1","1","358","358","358","1","1","1","430","430","430","1","1","1","358","358","358","1","1","1","430","430","430","1","1","1","358","358","358","0.9","0.9","0.9","430","430","430","1","1","1","358","358","358","1","1","1","430","430","430","1","1","1","358","358","358","1","1","1","430","430","430","1","1","1","358","358","358","0.4","0.4","0.4","430","430","430","1","1","1","358","358","358","0.1","0.1","0.1","430","430","430","1","1","1","358","358","358","0","0","0","430","430","430","1","1","1","358","358","358","0","0","0","430","430","430","1","1","1","358","358","358","0","0","0"
"72","436","436","436","1","1","1","363","363","363","1","1","1","436","436","436","1","1","1","363","363","363","1","1","1","436","436","436","1","1","1","363","363","363","1","1","1","436","436","436","1","1","1","363","363","363","1","1","1","436","436","436","1","1","1","363","363","363","1","1","1","436","436","436","1","1","1","363","363","363","0.6","0.6","0.6","436","436","436","1","1","1","363","363","363","0.3","0.3","0.3","436","436","436","1","1","1","363","363","363","0","0","0","436","436","436","1","1","1","363","363","363","0","0","0","436","436","436","1","1","1","363","363","363","0","0","0","436","436","436","1","1","1","363","363","363","0","0","0"
"73","442","442","442","1","1","1","368","368","368","1","1","1","442","442","442","1","1","1","368","368","368","1","1","1","442","442","442","1","1","1","368","368","368","1","1","1","442","442","442","1","1","1","368","368","368","1","1","1","442","442","442","1","1","1","368","368","368","1","1","1","442","442","442","1","1","1","368","368","368","0.5","0.5","0.5","442","442","442","1","1","1","368","368","368","0.3","0.3","0.3","442","442","442","1","1","1","368","368","368","0","0","0","442","442","442","1","1","1","368","368","368","0","0","0","442","442","442","1","1","1","368","368","368","0","0","0","442","442","442","1","1","1","368","368","368","0","0","0"
"74","448","448","448","1","1","1","373","373","373","1","1","1","448","448","448","1","1","1","373","373","373","1","1","1","448","448","448","1","1","1","373","373","373","1","1","1","448","448","448","1","1","1","373","373","373","1","1","1","448","448","448","1","1","1","373","373","373","0.9","0.9","0.9","448","448","448","1","1","1","373","373","373","0.7","0.7","0.7","448","448","448","1","1","1","373","373","373","0.2","0.2","0.2","448","448","448","1","1","1","373","373","373","0","0","0","448","448","448","1","1","1","373","373","373","0","0","0","448","448","448","1","1","1","373","373","373","0","0","0","448","448","448","1","1","1","373","373","373","0","0","0"
"75","454","454","454","1","1","1","378","378","378","1","1","1","454","454","454","1","1","1","378","378","378","1","1","1","454","454","454","1","1","1","378","378","378","1","1","1","454","454","454","1","1","1","378","378","378","1","1","1","454","454","454","1","1","1","378","378","378","1","1","1","454","454","454","1","1","1","378","378","378","0.8","0.8","0.8","454","454","454","1","1","1","378","378","378","0.4","0.4","0.4","454","454","454","1","1","1","378","378","378","0","0","0","454","454","454","1","1","1","378","378","378","0","0","0","454","454","454","1","1","1","378","378","378","0","0","0","454","454","454","1","1","1","378","378","378","0","0","0"
"76","460","460","460","1","1","1","383","383","383","1","1","1","460","460","460","1","1","1","383","383","383","1","1","1","460","460","460","1","1","1","383","383","383","1","1","1","460","460","460","1","1","1","383","383","383","0.9","0.9","0.9","460","460","460","1","1","1","383","383","383","1","1","1","460","460","460","1","1","1","383","383","383","0.8","0.8","0.8","460","460","460","1","1","1","383","383","383","0.4","0.4","0.4","460","460","460","1","1","1","383","383","383","0","0","0","460","460","460","1","1","1","383","383","383","0","0","0","460","460","460","1","1","1","383","383","383","0","0","0","460","460","460","1","1","1","383","383","383","0","0","0"
"77","466","466","466","1","1","1","388","388","388","1","1","1","466","466","466","1","1","1","388","388","388","1","1","1","466","466","466","1","1","1","388","388","388","1","1","1","466","466","466","1","1","1","388","388","388","1","1","1","466","466","466","1","1","1","388","388","388","0.9","0.9","0.9","466","466","466","1","1","1","388","388","388","1","1","1","466","466","466","1","1","1","388","388","388","0.7","0.7","0.7","466","466","466","1","1","1","388","388","388","0.2","0.2","0.2","466","466","466","1","1","1","388","388","388","0","0","0","466","466","466","1","1","1","388","388","388","0","0","0","466","466","466","1","1","1","388","388","388","0","0","0"
"78","472","472","472","1","1","1","393","393","393","1","1","1","472","472","472","1","1","1","393","393","393","1","1","1","472","472","472","1","1","1","393","393","393","1","1","1","472","472","472","1","1","1","393","393","393","1","1","1","472","472","472","1","1","1","393","393","393","0.9","0.9","0.9","472","472","472","1","1","1","393","393","393","1","1","1","472","472","472","1","1","1","393","393","393","0.4","0.4","0.4","472","472","472","1","1","1","393","393","393","0.2","0.2","0.2","472","472","472","1","1","1","393","393","393","0","0","0","472","472","472","1","1","1","393","393","393","0","0","0","472","472","472","1","1","1","393","393","393","0","0","0"
"79","478","478","478","1","1","1","398","398","398","1","1","1","478","478","478","1","1","1","398","398","398","1","1","1","478","478","478","1","1","1","398","398","398","1","1","1","478","478","478","1","1","1","398","398","398","1","1","1","478","478","478","1","1","1","398","398","398","1","1","1","478","478","478","1","1","1","398","398","398","0.8","0.8","0.8","478","478","478","1","1","1","398","398","398","0.4","0.4","0.4","478","478","478","1","1","1","398","398","398","0","0","0","478","478","478","1","1","1","398","398","398","0","0","0","478","478","478","1","1","1","398","398","398","0","0","0","478","478","478","1","1","1","398","398","398","0","0","0"
"80","484","484","484","1","1","1","403","403","403","1","1","1","484","484","484","1","1","1","403","403","403","1","1","1","484","484","484","1","1","1","403","403","403","1","1","1","484","484","484","1","1","1","403","403","403","1","1","1","484","484","484","1","1","1","403","403","403","1","1","1","484","484","484","1","1","1","403","403","403","1","1","1","484","484","484","1","1","1","403","403","403","0.3","0.3","0.3","484","484","484","1","1","1","403","403","403","0.2","0.2","0.2","484","484","484","1","1","1","403","403","403","0","0","0","484","484","484","1","1","1","403","403","403","0","0","0","484","484","484","1","1","1","403","403","403","0","0","0"
"81","490","490","490","1","1","1","408","408","408","1","1","1","490","490","490","1","1","1","408","408","408","1","1","1","490","490","490","1","1","1","408","408","408","1","1","1","490","490","490","1","1","1","408","408","408","1","1","1","490","490","490","1","1","1","408","408","408","0.9","0.9","0.9","490","490","490","1","1","1","408","408","408","0.6","0.6","0.6","490","490","490","1","1","1","408","408","408","0.2","0.2","0.2","490","490","490","1","1","1","408","408","408","0","0","0","490","490","490","1","1","1","408","408","408","0","0","0","490","490","490","1","1","1","408","408","408","0","0","0","490","490","490","1","1","1","408","408","408","0","0","0"
"82","496","496","496","1","1","1","413","413","413","1","1","1","496","496","496","1","1","1","413","413","413","1","1","1","496","496","496","1","1","1","413","413","413","1","1","1","496","496","496","1","1","1","413","413","413","1","1","1","496","496","496","1","1","1","413","413","413","1","1","1","496","496","496","1","1","1","413","413","413","0.8","0.8","0.8","496","496","496","1","1","1","413","413","413","0.3","0.3","0.3","496","496","496","1","1","1","413","413","413","0.2","0.2","0.2","496","496","496","1","1","1","413","413","413","0","0","0","496","496","496","1","1","1","413","413","413","0","0","0","496","496","496","1","1","1","413","413","413","0","0","0"
"83","502","502","502","1","1","1","418","418","418","1","1","1","502","502","502","1","1","1","418","418","418","1","1","1","502","502","502","1","1","1","418","418","418","1","1","1","502","502","502","1","1","1","418","418","418","1","1","1","502","502","502","1","1","1","418","418","418","1","1","1","502","502","502","1","1","1","418","418","418","0.6","0.6","0.6","502","502","502","1","1","1","418","418","418","0.4","0.4","0.4","502","502","502","1","1","1","418","418","418","0.2","0.2","0.2","502","502","502","1","1","1","418","418","418","0","0","0","502","502","502","1","1","1","418","418","418","0","0","0","502","502","502","1","1","1","418","418","418","0","0","0"
"84","508","508","508","1","1","1","423","423","423","1","1","1","508","508","508","1","1","1","423","423","423","1","1","1","508","508","508","1","1","1","423","423","423","1","1","1","508","508","508","1","1","1","423","423","423","0.8","0.8","0.8","508","508","508","1","1","1","423","423","423","1","1","1","508","508","508","1","1","1","423","423","423","0.6","0.6","0.6","508","508","508","1","1","1","423","423","423","0.4","0.4","0.4","508","508","508","1","1","1","423","423","423","0","0","0","508","508","508","1","1","1","423","423","423","0","0","0","508","508","508","1","1","1","423","423","423","0","0","0","508","508","508","1","1","1","423","423","423","0","0","0"
"85","514","514","514","1","1","1","428","428","428","1","1","1","514","514","514","1","1","1","428","428","428","1","1","1","514","514","514","1","1","1","428","428","428","1","1","1","514","514","514","1","1","1","428","428","428","1","1","1","514","514","514","1","1","1","428","428","428","1","1","1","514","514","514","1","1","1","428","428","428","0.7","0.7","0.7","514","514","514","1","1","1","428","428","428","0.4","0.4","0.4","514","514","514","1","1","1","428","428","428","0","0","0","514","514","514","1","1","1","428","428","428","0","0","0","514","514","514","1","1","1","428","428","428","0","0","0","514","514","514","1","1","1","428","428","428","0","0","0"
"86","520","520","520","1","1","1","433","433","433","1","1","1","520","520","520","1","1","1","433","433","433","1","1","1","520","520","520","1","1","1","433","433","433","1","1","1","520","520","520","1","1","1","433","433","433","1","1","1","520","520","520","1","1","1","433","433","433","1","1","1","520","520","520","1","1","1","433","433","433","0.8","0.8","0.8","520","520","520","1","1","1","433","433","433","0.5","0.5","0.5","520","520","520","1","1","1","433","433","433","0.2","0.2","0.2","520","520","520","1","1","1","433","433","433","0","0","0","520","520","520","1","1","1","433","433","433","0","0","0","520","520","520","1","1","1","433","433","433","0","0","0"
"87","526","526","526","1","1","1","438","438","438","1","1","1","526","526","526","1","1","1","438","438","438","1","1","1","526","526","526","1","1","1","438","438","438","1","1","1","526","526","526","1","1","1","438","438","438","1","1","1","526","526","526","1","1","1","438","438","438","1","1","1","526","526","526","1","1","1","438","438","438","0.7","0.7","0.7","526","526","526","1","1","1","438","438","438","0.4","0.4","0.4","526","526","526","1","1","1","438","438","438","0.2","0.2","0.2","526","526","526","1","1","1","438","438","438","0","0","0","526","526","526","1","1","1","438","438","438","0","0","0","526","526","526","1","1","1","438","438","438","0","0","0"
"88","532","532","532","1","1","1","443","443","443","1","1","1","532","532","532","1","1","1","443","443","443","1","1","1","532","532","532","1","1","1","443","443","443","1","1","1","532","532","532","1","1","1","443","443","443","1","1","1","532","532","532","1","1","1","443","443","443","1","1","1","532","532","532","1","1","1","443","443","443","0.6","0.6","0.6","532","532","532","1","1","1","443","443","443","0.2","0.2","0.2","532","532","532","1","1","1","443","443","443","0","0","0","532","532","532","1","1","1","443","443","443","0","0","0","532","532","532","1","1","1","443","443","443","0","0","0","532","532","532","1","1","1","443","443","443","0","0","0"
"89","538","538","538","1","1","1","448","448","448","1","1","1","538","538","538","1","1","1","448","448","448","1","1","1","538","538","538","1","1","1","448","448","448","1","1","1","538","538","538","1","1","1","448","448","448","1","1","1","538","538","538","1","1","1","448","448","448","1","1","1","538","538","538","1","1","1","448","448","448","0.9","0.9","0.9","538","538","538","1","1","1","448","448","448","0.4","0.4","0.4","538","538","538","1","1","1","448","448","448","0.2","0.2","0.2","538","538","538","1","1","1","448","448","448","0","0","0","538","538","538","1","1","1","448","448","448","0","0","0","538","538","538","1","1","1","448","448","448","0","0","0"